POA_CODE_2016,O_OR_DS_Sep_house,O_OR_DS_SemiD_ro_or_tce_h_th,O_OR_DS_Flat_apart,O_OR_DS_Oth_dwell,O_OR_DS_not_stated,O_OR_Total,O_MTG_DS_Sep_house,O_MTG_DS_SemiD_ro_or_tce_h_th,O_MTG_DS_Flat_apart,O_MTG_DS_Oth_dwell,O_MTG_DS_not_stated,O_MTG_Total,R_RE_Agt_DS_Sep_house,R_RE_Ag_DS_SemD_ro_or_tc_h_th,R_RE_Agt_DS_Flat_apart,R_RE_Agt_DS_Oth_dwell,R_RE_Agt_DS_not_stated,R_RE_Agt_Total,R_ST_h_auth_DS_Sep_house,R_ST_h_au_DS_SD_ro_or_tc_h_th,R_ST_h_auth_DS_Flat_apart,R_ST_h_auth_DS_Oth_dwell,R_ST_h_auth_DS_not_stated,R_ST_h_auth_Total,R_Psn_not_in_s_hh_DS_Sep_hous,R_P_not_in_s_h_DS_SD_ro_t_h_t,R_P_not_in_s_hh_DS_Flat_apart,R_Psn_not_in_s_hh_DS_Oth_dwel,R_Psn_not_in_s_hh_DS_NS,R_Psn_not_in_s_hh_Total,R_Hs_cop_cty_ch_gp_DS_Sp_ho,R_Hs_c_ct_ch_g_DS_SD_ro_t_h_t,R_Hse_cp_cty_ch_g_DS_Flt_apt,R_Hs_cop_cty_ch_gp_DS_Ot_dwel,R_Hse_coop_cty_ch_gp_DS_NS,R_Hse_coop_cty_ch_gp_Total,R_Ot_landld_typ_DS_Sep_house,R_O_LLd_typ_DS_SD_ro_tc_h_th,R_Ot_LLd_typ_DS_Flat_apart,R_Ot_landld_typ_DS_Oth_dwell,R_Ot_landld_typ_DS_not_stated,R_Ot_landld_typ_Total,R_Landld_typ_NS_DS_Sep_house,R_Ld_typ_NS_DS_SD_ro_tce_h_th,R_LLd_typ_NS_DS_Flat_apart,R_Landld_typ_NS_DS_Oth_dwell,R_Landld_typ_NS_DS_not_stated,R_Landld_typ_NS_Total,R_Tot_DS_Sep_house,R_Tot_DS_SemiD_ro_or_tce_h_th,R_Tot_DS_Flat_apart,R_Tot_DS_Oth_dwell,R_Tot_DS_not_stated,R_Tot_Total,Oth_ten_type_DS_Sep_house,Oth_ten_ty_DS_SD_ro_tce_h_th,Oth_ten_type_DS_Flat_apart,Oth_ten_type_DS_Oth_dwell,Oth_ten_type_DS_not_stated,Oth_ten_type_Total,Ten_type_NS_DS_Sep_house,Ten_ty_NS_DS_SD_ro_tce_h_t,Ten_ty_NS_DS_Flat_apart,Ten_type_NS_DS_Oth_dwell,Ten_type_NS_DS_not_stated,Ten_type_NS_Total,Total_DS_Sep_house,Total_DS_SemiD_ro_or_tce_h_th,Total_DS_Flat_apart,Total_DS_Oth_dwell,Total_DS_not_stated,Total_Total
POA4000,160,50,738,14,11,973,180,33,977,3,15,1204,212,98,2379,6,22,2713,4,43,82,0,0,134,121,33,674,0,10,842,3,0,57,0,0,59,4,0,92,0,3,102,0,0,49,0,0,52,348,177,3335,11,36,3905,7,0,30,10,0,39,26,7,173,31,17,256,714,269,5249,63,79,6377
POA4005,511,52,929,0,3,1493,466,51,1119,3,4,1647,208,79,2753,3,19,3058,0,29,232,0,0,267,91,27,773,0,8,898,4,0,72,0,0,79,5,0,45,0,0,55,7,3,30,0,0,34,312,139,3902,3,26,4383,12,0,24,0,0,41,34,7,136,0,7,186,1336,250,6111,4,43,7749
POA4006,116,22,412,0,0,554,137,69,784,0,4,991,137,145,3047,0,19,3338,6,4,341,0,0,352,58,35,542,0,3,635,0,3,150,0,0,156,6,8,67,0,0,79,0,0,39,0,0,36,206,191,4180,0,17,4594,3,3,31,0,0,33,17,8,149,0,5,189,482,301,5549,3,34,6372
POA4007,794,77,400,11,8,1287,724,105,494,4,3,1327,250,147,1468,4,10,1877,0,26,82,0,0,108,102,35,310,0,3,445,4,0,18,0,0,19,6,0,25,3,0,35,4,4,11,0,0,23,369,216,1904,3,10,2509,14,0,10,0,0,29,36,17,70,0,3,127,1936,412,2881,19,23,5276
POA4008,33,0,0,0,0,33,31,0,0,0,0,31,16,0,0,0,0,16,0,0,0,0,0,0,19,0,0,0,0,19,0,0,0,0,0,0,0,0,0,0,0,0,0,0,0,0,0,0,34,0,0,0,0,35,4,0,0,0,0,4,5,0,0,0,0,5,113,0,0,3,0,115
POA4009,0,0,0,0,0,0,0,0,0,0,0,0,0,0,0,0,0,0,0,0,0,0,0,0,0,0,0,0,0,0,0,0,0,0,0,0,0,0,0,0,0,0,0,0,0,0,0,0,0,0,0,0,0,0,0,0,0,0,0,0,0,0,0,0,0,0,0,0,0,0,0,0
POA4010,78,6,83,0,0,167,122,13,80,0,0,217,85,23,295,3,3,409,3,0,37,0,0,45,34,3,49,0,4,91,0,0,10,0,0,17,0,0,3,0,0,7,0,0,3,0,0,7,129,23,406,4,9,567,3,0,26,0,0,28,7,0,32,0,0,41,336,43,627,4,10,1024
POA4011,1151,103,324,0,0,1590,1245,145,426,3,7,1833,392,230,1145,7,4,1781,5,7,52,0,0,63,149,59,230,0,3,451,7,0,7,0,0,19,6,7,12,0,0,24,18,3,5,0,0,22,574,310,1456,6,9,2353,9,6,7,0,0,26,57,16,57,0,6,134,3034,575,2274,14,31,5931
POA4012,1498,98,252,3,3,1855,1963,246,582,0,0,2793,756,330,1891,0,8,2983,56,65,240,0,0,360,241,42,265,0,4,550,16,12,51,0,0,74,12,0,23,0,0,33,18,3,15,0,0,37,1083,452,2491,6,9,4043,18,0,9,0,0,26,82,21,88,0,6,194,4643,819,3419,7,17,8909
POA4013,317,24,23,3,0,368,456,68,62,0,0,583,176,137,191,0,0,510,6,78,48,0,0,130,59,20,50,0,0,134,0,3,11,0,0,15,4,0,4,0,0,8,7,4,0,0,0,9,245,249,313,0,0,809,4,0,0,0,0,5,19,9,15,0,0,48,1045,357,405,3,0,1807
POA4014,1135,10,0,0,0,1147,1716,55,3,0,3,1775,624,43,37,3,0,709,47,17,9,0,0,76,226,4,7,0,0,244,21,20,0,0,0,34,18,0,0,0,0,19,20,0,0,0,0,20,950,86,56,7,7,1104,12,0,0,0,0,9,93,3,3,0,14,111,3904,154,69,5,21,4152
POA4017,3746,168,81,47,3,4052,5108,98,81,6,9,5301,1543,274,366,16,14,2219,175,13,173,0,0,361,533,45,71,6,8,663,14,22,43,0,0,83,51,18,13,70,3,154,42,5,10,0,0,64,2358,374,680,92,27,3540,61,54,22,0,3,137,234,38,29,11,4,317,11502,732,897,164,46,13350
POA4018,816,328,38,0,3,1182,1208,490,16,0,9,1721,515,547,24,0,15,1101,52,93,33,0,0,175,82,141,7,0,0,236,3,25,18,0,0,44,25,67,3,0,0,100,12,15,0,0,0,23,684,887,94,0,18,1683,9,27,22,0,0,59,60,37,7,0,5,103,2776,1764,166,0,39,4742
POA4019,1877,86,287,66,3,2322,2130,70,178,12,3,2397,1155,195,678,0,16,2044,98,132,313,0,0,549,422,40,173,9,0,637,0,0,32,0,0,35,32,8,10,24,0,66,25,3,10,0,3,46,1731,381,1216,33,15,3373,42,0,10,0,0,58,141,15,69,0,3,223,5915,550,1769,112,33,8367
POA4020,1981,224,670,79,7,2963,1974,89,318,3,5,2382,1083,266,798,0,9,2159,130,91,305,0,0,524,321,58,173,4,5,565,7,23,31,0,0,68,23,8,19,3,0,45,27,3,23,3,0,58,1582,450,1350,12,13,3411,40,85,51,3,0,180,130,44,67,0,3,247,5708,894,2448,95,35,9183
POA4021,1030,101,9,0,0,1144,1008,65,6,3,0,1077,444,311,10,0,0,766,113,33,36,0,0,181,188,75,4,0,0,272,0,7,0,0,0,10,10,15,0,0,0,27,11,7,0,0,0,21,769,452,50,0,4,1270,6,4,0,0,0,11,66,25,3,0,4,102,2885,650,66,7,8,3611
POA4022,459,116,143,0,0,720,536,38,8,0,0,579,500,122,16,0,0,635,117,22,42,0,0,176,72,11,3,0,0,91,3,4,8,0,0,18,5,3,0,0,0,12,4,0,0,0,0,8,709,163,73,0,0,940,4,98,42,0,0,142,37,11,19,0,0,65,1743,419,287,0,3,2456
POA4025,24,0,0,0,3,25,11,0,0,0,0,13,0,0,0,0,0,0,0,0,0,0,0,0,4,0,0,0,0,4,0,0,0,0,0,0,7,0,0,0,0,7,0,0,0,0,0,0,12,0,0,0,0,12,0,0,0,0,0,0,8,0,0,0,0,4,53,0,0,0,3,57
POA4029,0,0,0,0,0,0,0,0,0,0,0,0,0,0,0,0,0,0,0,0,0,0,0,0,0,0,0,0,0,0,0,0,0,0,0,0,0,0,0,0,0,0,0,0,0,0,0,0,0,0,0,0,0,0,0,0,0,0,0,0,0,0,0,0,0,0,0,0,0,0,0,0
POA4030,937,44,175,0,0,1160,1299,71,407,5,12,1789,614,160,1641,0,8,2431,23,13,216,0,0,253,220,27,334,0,4,584,9,7,33,0,0,49,13,3,47,0,0,60,10,3,17,0,0,24,890,213,2278,3,13,3397,13,0,11,0,0,28,68,8,60,0,5,143,3211,332,2935,10,31,6515
POA4031,883,77,125,0,3,1085,1453,102,216,0,8,1776,529,205,827,4,10,1574,29,37,105,0,0,179,205,52,192,0,4,448,7,9,8,0,0,28,9,4,23,0,0,38,16,0,8,0,0,24,794,319,1160,4,8,2281,12,8,0,0,0,27,59,21,34,0,0,114,3199,533,1534,4,20,5285
POA4032,1169,134,285,0,0,1597,1046,151,223,0,3,1423,609,368,958,3,0,1933,164,116,182,0,0,463,185,56,179,3,0,414,11,7,46,0,0,67,12,11,20,0,0,47,13,9,8,0,0,25,989,565,1392,6,3,2953,16,34,145,0,0,196,128,73,84,0,3,286,3347,951,2130,4,13,6452
POA4034,4527,557,135,0,11,5225,4814,470,87,0,9,5373,1847,731,635,3,12,3225,276,192,157,0,5,629,603,265,75,0,3,950,23,75,30,0,3,137,75,111,16,149,17,357,36,16,12,3,0,60,2864,1385,920,153,38,5362,78,152,95,0,3,326,257,98,52,14,7,423,12527,2659,1285,171,70,16711
POA4035,2761,182,96,3,3,3049,3493,71,3,3,4,3576,551,167,12,0,0,736,29,0,0,0,0,29,194,62,6,0,0,266,5,5,15,0,0,23,86,15,7,0,0,106,15,3,0,0,0,26,888,253,34,0,0,1179,30,38,91,0,0,163,96,18,23,0,0,133,7265,565,253,3,10,8093
POA4036,612,0,0,0,0,611,1000,5,0,3,3,1009,321,79,3,0,0,398,27,6,0,0,0,38,110,8,3,0,0,125,0,0,0,0,0,3,8,0,0,0,0,7,5,0,0,0,0,6,478,98,3,0,0,579,13,0,0,0,0,13,29,0,0,0,0,32,2130,106,3,3,4,2243
POA4037,619,3,0,0,0,620,1439,3,0,0,0,1441,164,3,0,0,0,167,7,0,0,0,0,7,57,0,0,0,0,58,0,0,0,0,0,0,64,0,0,0,0,64,0,0,0,0,0,0,293,3,0,0,0,297,4,0,0,0,0,4,31,0,0,0,0,29,2382,11,0,0,0,2396
POA4051,2048,191,151,3,0,2394,2631,249,321,3,4,3209,967,480,1245,0,10,2713,75,57,385,0,0,519,328,96,258,0,5,693,8,21,15,0,0,45,118,34,41,0,0,197,20,3,9,0,0,37,1524,691,1959,0,22,4197,33,27,8,0,0,67,120,25,60,0,79,279,6352,1184,2504,10,101,10144
POA4053,4429,186,95,0,5,4715,5410,300,202,0,12,5927,1810,527,734,0,5,3075,467,151,222,0,0,833,672,136,111,0,5,928,10,14,60,0,0,90,228,113,65,0,3,412,31,3,7,0,0,40,3213,941,1194,0,23,5375,47,17,19,0,0,84,222,49,41,0,38,347,13325,1492,1558,3,77,16449
POA4054,1349,146,40,0,3,1533,1864,97,42,3,0,2002,581,74,17,3,3,678,297,8,27,0,0,327,163,24,6,0,0,195,3,3,0,0,0,9,28,11,0,0,0,42,13,3,0,0,0,11,1084,124,48,3,3,1260,30,78,11,0,0,123,83,51,3,0,0,137,4411,491,146,7,6,5058
POA4055,2020,50,44,0,0,2109,3140,33,69,0,0,3248,521,41,80,0,0,643,57,0,0,0,0,58,190,15,22,0,0,228,0,0,0,0,0,0,269,11,3,0,0,279,6,0,0,0,0,9,1048,65,105,0,0,1218,15,47,0,0,0,64,71,5,3,0,0,76,6288,201,212,0,3,6708
POA4059,578,39,137,0,0,761,827,93,309,0,0,1230,601,138,1261,0,12,2016,4,20,105,0,0,130,170,35,311,5,9,524,6,3,64,0,0,72,5,3,42,0,0,56,8,0,12,0,0,20,799,202,1791,3,19,2813,13,0,15,0,0,34,66,11,66,0,4,149,2291,343,2326,3,24,4988
POA4060,1192,10,111,3,3,1322,1548,12,155,0,0,1712,430,38,434,4,7,909,8,0,17,0,0,26,137,11,101,0,3,257,7,0,15,0,0,16,5,0,5,0,0,15,8,0,0,0,0,10,597,51,575,4,13,1233,14,0,3,0,0,12,69,0,27,3,19,111,3414,74,870,15,32,4399
POA4061,2136,84,14,3,3,2236,2311,81,15,0,3,2417,487,50,21,0,0,558,38,0,0,0,0,38,205,20,0,0,0,227,7,0,0,0,0,7,21,5,0,0,0,25,8,0,0,0,0,8,763,78,25,0,3,871,15,4,0,0,0,17,60,3,3,0,0,69,5289,252,50,3,12,5611
POA4064,730,54,104,5,0,899,837,76,212,0,0,1128,568,183,720,18,8,1495,3,31,41,0,0,79,219,35,126,3,0,377,6,0,20,0,0,32,10,3,7,0,0,20,13,0,9,0,0,20,819,253,925,21,5,2022,9,3,8,0,0,14,54,0,21,0,3,85,2455,387,1270,31,14,4150
POA4065,944,91,58,3,3,1102,1164,49,36,0,3,1254,357,63,121,0,3,542,11,0,0,0,0,14,135,15,35,0,0,197,6,0,0,0,0,5,9,0,0,0,0,11,8,0,0,0,0,4,521,84,158,0,8,768,9,3,4,0,0,17,40,12,6,0,3,59,2678,240,270,3,19,3202
POA4066,801,27,616,0,0,1449,845,35,645,0,0,1532,454,79,1992,4,9,2537,0,0,24,0,0,28,195,16,530,0,5,745,4,0,16,0,0,17,12,0,34,0,0,48,4,0,17,0,0,21,668,103,2606,3,12,3392,7,0,16,0,0,21,46,3,75,0,0,119,2368,175,3954,4,16,6519
POA4067,488,66,402,0,0,957,276,47,230,0,0,546,239,104,1109,0,0,1455,3,0,4,0,0,7,138,27,307,0,7,481,5,0,0,0,0,3,17,3,30,0,0,50,6,0,9,0,0,18,399,140,1464,0,10,2010,9,0,16,0,0,21,30,0,31,0,0,66,1205,250,2146,0,9,3605
POA4068,1738,132,597,0,3,2478,1401,137,583,0,12,2133,688,298,2067,0,31,3084,6,19,79,0,0,101,264,72,521,0,8,862,3,0,15,0,0,14,17,0,26,0,4,59,17,0,20,0,0,32,993,395,2722,0,48,4164,20,3,50,0,3,71,85,14,84,0,33,221,4239,687,4037,3,101,9065
POA4069,4380,135,21,0,4,4548,4558,40,14,3,7,4621,908,47,22,0,5,975,12,0,0,0,0,14,374,12,11,0,3,405,10,23,0,0,0,35,23,3,0,0,0,26,34,0,0,0,0,40,1364,91,30,3,10,1496,47,49,0,0,0,102,152,13,0,0,3,171,10507,329,65,9,22,10935
POA4070,999,76,3,0,0,1077,1891,25,0,0,0,1914,461,29,0,0,0,488,0,0,0,0,0,0,117,4,0,0,0,125,3,0,0,0,0,3,26,0,0,0,0,26,17,0,0,0,0,13,626,37,0,0,0,656,10,0,0,0,0,10,58,5,0,0,3,64,3583,139,3,0,4,3730
POA4072,0,0,0,0,0,0,0,0,0,0,0,0,0,0,0,0,0,0,0,0,0,0,0,0,0,0,0,0,0,0,0,0,0,0,0,0,0,0,0,0,0,0,0,0,0,0,0,0,0,0,0,0,0,0,0,0,0,0,0,0,0,0,0,0,6,6,0,0,0,0,6,8
POA4073,915,52,0,0,0,969,1294,83,0,3,0,1379,316,73,4,0,0,393,20,0,0,0,0,20,66,42,0,0,0,108,0,9,0,0,0,9,16,4,0,0,0,17,3,0,0,0,0,4,418,128,4,0,0,555,5,3,0,0,0,10,30,3,0,0,0,31,2660,266,6,0,3,2940
POA4074,2689,161,13,0,0,2859,3419,126,5,0,3,3554,975,175,3,0,0,1157,13,0,0,0,0,13,312,42,4,0,3,357,15,6,0,0,0,20,19,3,0,0,0,28,18,3,0,0,0,18,1348,231,11,0,4,1589,21,0,21,0,0,46,79,3,8,0,0,90,7555,527,57,3,6,8143
POA4075,2213,115,109,0,4,2451,2681,176,140,3,6,3015,912,331,431,3,7,1683,41,80,78,0,0,201,342,83,77,3,4,506,13,12,8,0,0,38,18,8,6,0,0,40,34,3,3,0,0,35,1361,515,609,10,17,2498,26,17,22,0,3,68,83,30,25,0,4,142,6369,853,907,14,31,8176
POA4076,433,4,0,0,3,441,409,39,0,0,0,456,255,140,6,0,0,405,39,0,0,0,0,43,153,30,0,0,4,191,11,7,0,0,0,18,23,3,0,0,0,31,8,4,0,0,0,13,491,188,14,0,0,699,11,0,0,0,0,11,43,7,0,0,8,52,1384,239,18,0,11,1655
POA4077,1788,83,88,40,0,1997,2411,134,0,22,3,2569,1030,764,11,19,32,1850,1125,255,75,22,7,1486,555,102,4,5,3,669,15,56,11,0,4,86,194,41,4,78,9,323,47,16,0,0,0,63,2964,1231,104,126,51,4479,40,86,58,3,0,189,265,69,37,10,4,386,7472,1593,290,195,63,9614
POA4078,1641,89,32,3,0,1762,3624,45,15,0,0,3675,1555,226,39,0,0,1823,297,25,3,0,0,330,402,53,8,0,0,460,4,3,0,0,0,13,94,18,3,0,0,113,15,6,0,0,0,22,2365,330,59,0,0,2752,14,0,29,0,0,46,155,15,6,0,4,180,7798,471,139,3,4,8419
POA4101,794,56,728,3,4,1596,648,79,925,3,4,1652,421,164,2919,12,24,3540,7,19,262,0,0,288,272,51,864,4,14,1206,6,0,54,0,0,62,7,5,74,0,0,94,9,0,40,0,0,53,721,236,4208,16,42,5231,13,3,39,0,0,53,70,9,144,0,13,238,2250,389,6042,18,67,8775
POA4102,347,13,46,11,8,418,351,25,141,16,4,529,265,22,767,9,17,1080,3,12,217,0,0,232,169,16,175,12,6,378,12,0,28,0,0,39,9,0,17,0,0,23,11,0,14,0,0,27,461,50,1210,21,23,1770,3,0,6,0,0,14,42,4,55,0,8,111,1208,86,1462,44,44,2851
POA4103,799,75,136,0,3,1015,988,184,310,3,3,1486,463,401,1044,3,11,1919,8,85,188,0,3,279,249,81,281,0,6,614,10,3,41,0,0,58,7,7,16,0,0,30,6,3,12,0,0,25,745,585,1579,4,18,2928,9,0,7,0,0,19,62,24,49,0,3,142,2599,860,2087,5,30,5589
POA4104,468,60,143,0,0,667,453,112,125,0,3,697,167,209,322,0,6,707,5,21,121,0,0,150,84,22,59,0,0,165,0,6,13,0,0,23,4,0,6,0,0,10,8,5,3,0,0,12,265,266,527,0,6,1062,7,0,62,0,0,64,24,10,32,0,0,67,1215,444,894,0,7,2559
POA4105,1039,57,137,0,7,1233,1317,194,200,0,6,1713,426,327,538,0,10,1301,19,94,183,0,0,290,219,55,146,4,3,423,3,6,22,0,0,28,6,3,12,0,0,17,18,3,3,0,0,25,687,485,897,4,14,2085,7,0,6,0,0,13,61,22,35,0,0,124,3120,751,1278,4,21,5166
POA4106,116,0,0,3,0,118,163,7,4,0,0,169,105,15,26,0,0,149,3,0,7,0,0,5,69,0,3,0,4,78,0,0,0,0,0,0,6,0,0,0,0,10,4,0,0,0,0,4,184,17,34,0,4,246,3,0,0,0,0,3,21,0,0,0,0,26,482,23,42,4,5,561
POA4107,559,9,0,0,0,563,872,23,3,0,3,900,294,69,27,0,0,390,32,4,0,0,0,42,150,10,23,0,0,185,5,0,0,0,0,7,5,3,3,0,0,13,6,0,3,0,0,8,493,93,54,0,5,647,10,6,0,0,0,7,48,5,4,0,0,58,1979,130,65,4,9,2180
POA4108,485,16,10,0,0,505,479,38,31,0,0,546,317,65,57,0,3,438,92,88,24,0,0,205,176,15,18,0,0,210,11,3,13,0,0,34,18,3,3,0,3,26,7,0,0,0,0,7,621,170,117,0,13,917,8,4,0,0,0,9,55,8,7,0,6,76,1643,228,164,0,15,2054
POA4109,4186,196,9,7,7,4404,2881,239,19,4,3,3145,1391,463,117,0,14,1976,118,49,7,0,0,173,842,188,19,4,6,1059,28,16,4,0,3,57,98,36,6,55,0,197,44,5,0,3,0,49,2514,759,146,65,26,3509,46,21,0,0,11,76,266,238,3,8,84,604,9890,1452,181,81,130,11745
POA4110,703,6,7,0,0,716,1206,28,15,0,0,1255,570,178,17,0,3,764,300,40,15,0,0,362,204,21,8,0,3,236,3,6,0,0,0,12,35,3,0,0,0,42,14,0,0,0,0,13,1135,249,41,0,4,1434,12,5,0,0,0,17,93,18,3,0,3,111,3147,302,61,5,15,3525
POA4111,87,0,0,0,0,93,92,0,15,0,0,106,24,0,40,0,0,67,0,0,0,0,0,0,9,0,21,0,0,32,0,0,0,0,0,0,0,0,0,0,0,0,0,0,0,0,0,0,40,0,60,0,0,100,3,0,0,0,0,3,3,0,0,0,0,3,225,0,76,0,0,303
POA4112,705,23,0,0,0,730,913,70,0,0,3,984,234,170,3,0,0,404,35,0,0,0,0,36,73,33,0,0,0,109,3,7,0,0,0,12,13,16,0,0,0,27,5,4,0,0,0,6,361,229,3,3,0,593,8,0,0,0,0,6,35,12,0,0,0,49,2017,338,0,3,3,2356
POA4113,2430,293,32,40,11,2798,2392,685,38,3,15,3121,952,990,47,5,6,1998,68,19,0,0,4,91,430,321,11,0,4,763,12,41,3,0,0,65,48,69,3,273,0,395,17,19,0,0,0,40,1525,1464,60,279,25,3354,44,23,15,0,0,84,128,70,10,15,3,231,6513,2525,158,344,51,9590
POA4114,1498,132,27,12,8,1678,1802,186,35,13,5,2037,1563,1114,298,23,8,3010,761,286,110,9,0,1171,380,144,32,9,0,563,21,34,12,0,11,80,67,37,13,3,0,120,39,10,3,0,0,53,2835,1631,458,43,27,4989,25,11,4,0,7,44,228,80,34,12,9,369,6385,2037,563,84,56,9121
POA4115,1493,56,0,25,0,1572,2756,158,3,0,8,2926,780,243,30,0,0,1054,32,13,0,0,0,48,179,77,10,0,0,267,8,9,0,0,0,12,13,12,0,20,0,49,11,3,0,0,0,15,1017,364,39,27,0,1442,36,0,0,3,0,35,93,13,0,3,0,111,5387,595,41,55,6,6086
POA4116,1865,155,3,0,0,2027,2908,556,4,0,3,3468,852,721,7,0,3,1577,13,34,0,0,0,40,222,158,4,0,0,384,13,26,0,0,0,46,23,30,3,0,0,50,17,13,0,0,0,25,1130,976,11,0,3,2119,24,28,0,0,0,49,109,41,0,0,0,157,6034,1762,16,0,4,7830
POA4117,50,0,0,0,0,52,187,7,0,0,0,200,102,8,0,0,0,111,0,0,0,0,0,0,19,0,0,0,0,20,0,0,0,0,0,0,0,0,0,0,0,0,5,0,0,0,0,5,126,12,0,0,0,137,0,0,0,0,0,0,12,0,0,0,0,12,375,18,0,3,3,396
POA4118,1981,40,8,0,4,2035,4200,73,14,0,5,4295,1633,399,25,0,3,2062,197,20,0,0,0,215,523,86,8,0,0,614,4,10,0,0,0,19,36,20,0,0,0,57,31,11,0,0,0,39,2426,544,29,0,3,3001,27,0,0,0,3,28,176,18,0,3,0,193,8804,675,50,8,12,9547
POA4119,433,21,0,0,0,447,858,57,0,0,3,920,250,155,14,0,0,420,11,31,3,0,0,50,100,23,9,0,0,130,0,0,0,0,0,0,6,3,0,0,0,11,6,0,0,0,0,6,371,215,23,0,0,617,3,3,0,0,0,5,27,8,0,0,0,37,1697,297,28,0,3,2024
POA4120,396,35,138,0,3,575,603,76,256,0,0,932,317,171,953,0,20,1457,4,9,194,0,0,211,135,30,206,0,0,377,4,0,10,0,0,16,7,0,9,0,0,17,9,0,11,0,0,16,477,214,1384,3,18,2092,7,0,8,0,0,16,27,7,51,0,0,87,1510,328,1826,3,24,3697
POA4121,2416,32,67,14,3,2526,3242,80,105,35,7,3470,982,128,394,19,6,1536,281,47,146,0,0,479,349,44,63,4,0,460,12,3,10,0,0,28,10,7,13,0,0,24,28,0,6,0,0,40,1663,232,631,23,11,2560,35,0,3,0,0,36,134,8,33,3,7,189,7489,358,837,75,27,8792
POA4122,4296,209,149,4,4,4664,4473,414,268,3,13,5165,1611,531,733,3,7,2887,432,83,295,0,0,812,631,159,199,0,3,995,33,34,42,0,0,107,32,23,35,0,0,88,43,6,16,0,0,67,2781,833,1314,3,23,4952,83,54,28,0,0,163,226,20,55,0,7,313,11860,1529,1810,12,42,15247
POA4123,1650,94,31,30,3,1808,2727,161,10,0,0,2899,661,191,23,0,3,884,91,16,3,0,0,113,291,58,3,0,3,353,4,4,0,0,0,11,24,8,0,17,0,45,14,3,0,0,0,15,1085,284,32,15,7,1414,14,3,52,0,0,68,98,10,5,3,0,113,5571,549,131,47,7,6313
POA4124,1157,76,0,4,3,1239,3149,12,0,4,9,3174,730,77,3,0,5,807,125,0,0,0,0,126,255,14,0,0,0,270,0,4,0,0,0,4,16,5,0,0,3,28,17,0,0,0,0,20,1150,103,3,3,10,1262,24,62,0,0,0,90,105,14,0,0,0,119,5590,264,4,10,16,5881
POA4125,992,51,0,26,3,1075,871,5,0,0,0,874,193,15,0,0,0,207,3,0,0,0,0,3,59,3,0,5,0,65,0,0,0,0,0,0,25,3,0,29,0,59,3,0,0,0,0,4,285,20,0,33,4,335,15,0,0,0,0,15,69,0,0,4,5,82,2239,74,0,62,10,2384
POA4127,2035,195,59,39,7,2336,3060,327,14,3,0,3405,1011,677,47,3,3,1748,298,58,4,0,0,365,432,154,44,0,3,643,10,14,6,0,0,33,45,22,18,41,3,126,29,7,5,0,0,39,1827,940,124,49,8,2953,24,25,24,0,0,78,139,25,12,3,5,191,7088,1516,235,96,18,8956
POA4128,1292,31,45,25,0,1396,2615,59,99,0,9,2775,522,116,110,0,0,755,15,25,9,0,0,42,209,33,29,0,0,273,0,0,0,0,0,0,17,5,3,22,0,51,12,0,0,0,0,10,771,180,151,22,0,1124,11,0,0,0,0,16,87,4,9,3,0,99,4772,278,304,47,6,5412
POA4129,415,0,0,0,0,416,972,9,0,0,0,984,360,23,0,0,0,383,26,3,0,0,0,31,129,10,0,0,0,134,0,0,0,0,0,0,8,0,0,0,0,9,0,0,0,0,0,0,520,36,0,0,3,557,5,0,0,0,0,5,47,0,0,0,0,47,1963,46,0,0,3,2011
POA4130,743,22,8,67,0,843,1391,42,0,3,3,1439,159,40,8,0,0,210,3,0,0,0,0,3,92,32,0,0,3,129,0,0,0,0,0,3,9,0,0,18,0,27,7,0,0,0,0,7,280,73,9,20,4,383,7,0,4,0,0,13,49,0,0,11,0,55,2466,139,26,96,8,2733
POA4131,479,15,10,0,0,506,870,40,27,0,3,935,678,215,130,0,12,1041,272,46,17,0,3,336,143,63,10,0,0,220,3,9,5,0,0,19,13,20,7,0,0,41,9,3,3,0,0,14,1115,359,180,0,15,1667,6,0,0,0,0,6,67,12,8,0,6,100,2536,426,220,0,33,3217
POA4132,974,7,0,0,0,987,2522,25,0,15,0,2565,1968,476,9,14,13,2477,289,51,0,3,0,347,423,34,15,3,4,471,8,5,18,0,3,35,40,15,14,0,3,68,18,7,9,0,0,35,2739,581,61,18,20,3428,26,0,0,0,0,26,183,29,7,3,3,221,6451,650,67,39,30,7236
POA4133,1236,44,70,26,7,1377,1857,82,13,0,9,1963,1239,330,46,3,3,1619,91,74,15,0,0,181,198,42,25,6,4,270,4,8,25,0,0,37,38,9,6,87,0,144,21,4,5,0,0,31,1590,461,119,95,12,2280,39,0,14,0,0,52,146,20,12,8,3,193,4872,609,229,129,26,5863
POA4151,964,58,465,0,3,1490,1248,117,555,0,4,1924,448,243,1433,0,13,2134,7,67,132,0,0,211,149,41,303,0,0,494,3,5,9,0,0,20,5,3,17,0,0,28,8,0,9,0,0,13,619,369,1898,6,11,2904,15,0,80,0,0,95,55,13,75,0,0,145,2900,550,3081,5,23,6552
POA4152,4639,460,164,3,4,5271,4735,802,171,0,13,5728,1546,1151,315,9,22,3039,309,135,64,0,0,521,487,250,49,0,0,789,14,21,16,0,0,49,33,18,3,0,0,55,45,17,0,0,0,59,2440,1597,451,9,24,4506,33,14,58,0,0,106,223,52,24,0,3,315,12074,2927,871,10,43,15930
POA4153,483,3,0,0,0,485,621,31,0,0,0,649,125,60,0,0,0,191,0,15,0,0,0,21,38,29,0,0,0,65,0,3,0,0,0,3,0,0,0,3,0,8,5,0,0,0,0,9,177,109,0,3,0,289,9,0,0,0,0,9,23,3,0,0,0,30,1301,148,0,3,0,1455
POA4154,689,31,0,5,0,730,1681,69,0,5,0,1755,397,212,0,0,0,607,3,12,0,0,0,16,66,43,0,0,0,108,3,5,0,0,0,11,0,11,0,0,0,8,5,0,0,0,0,7,484,273,0,3,0,758,11,0,0,0,0,11,48,0,0,0,0,46,2907,371,0,19,3,3299
POA4155,187,0,0,4,0,195,169,0,0,3,0,174,13,0,0,0,0,14,0,0,0,0,0,0,13,0,0,0,0,13,0,0,0,0,0,0,0,0,0,0,0,0,3,0,0,0,0,3,33,0,0,3,0,33,0,0,0,0,0,0,8,0,0,0,0,12,399,0,0,5,0,409
POA4156,342,3,0,3,6,346,451,18,0,0,0,467,46,8,0,0,0,52,0,0,0,0,0,0,30,0,0,0,0,32,0,4,0,0,0,4,3,0,0,0,0,4,5,0,0,0,0,5,77,10,0,0,0,95,4,0,0,0,0,4,15,0,0,0,0,12,891,31,0,3,8,931
POA4157,1790,226,14,46,0,2080,2643,237,0,3,5,2896,544,334,21,0,3,900,79,209,37,0,0,324,268,81,9,0,0,358,6,11,0,0,0,19,10,13,0,18,0,40,16,9,0,0,0,32,925,649,67,19,10,1677,19,3,0,0,0,22,103,43,3,3,3,151,5483,1155,88,76,22,6820
POA4158,278,92,5,117,0,483,377,141,3,0,0,526,134,150,12,0,0,291,28,16,0,0,0,49,51,63,3,4,0,116,0,3,0,0,0,5,0,5,0,14,0,17,0,3,0,0,0,6,214,239,13,19,0,486,3,0,0,0,0,3,19,12,0,9,0,34,883,485,18,145,0,1530
POA4159,1459,134,31,63,0,1683,1928,58,42,0,0,2022,496,87,35,0,0,619,49,53,24,0,0,125,201,10,13,0,0,224,0,16,8,0,0,23,11,3,4,0,0,17,9,5,0,0,0,17,763,171,81,0,3,1016,23,91,0,0,0,112,78,15,5,0,3,103,4243,462,160,69,4,4940
POA4160,1973,135,149,0,8,2264,2443,71,38,0,22,2577,681,172,54,5,13,925,32,26,24,0,0,90,219,51,26,0,11,307,3,3,3,0,0,9,6,3,0,0,0,11,12,5,0,0,0,23,950,262,112,5,29,1357,14,0,13,0,0,29,83,12,18,0,7,118,5464,486,329,5,65,6347
POA4161,1476,47,0,0,0,1522,2651,37,3,0,0,2691,549,52,8,0,5,612,170,55,25,0,0,251,286,8,0,0,3,303,7,36,0,0,0,46,15,0,0,0,0,13,5,0,0,0,0,6,1041,153,33,0,10,1235,13,33,0,0,3,45,100,6,0,0,0,107,5278,274,39,0,8,5602
POA4163,1563,333,240,0,8,2147,1270,175,119,0,3,1565,562,333,254,3,0,1152,24,157,203,0,0,380,176,109,64,0,4,352,5,5,13,0,0,27,11,5,4,0,0,22,13,8,4,0,0,22,779,617,548,7,7,1959,4,74,25,0,0,103,85,48,27,0,32,195,3696,1255,965,7,44,5963
POA4164,1248,31,0,0,0,1285,2179,25,4,0,3,2208,616,105,4,0,3,736,27,0,5,0,0,32,162,16,3,0,0,181,3,3,71,0,13,96,5,3,3,0,3,15,6,0,3,0,0,15,832,130,92,0,23,1072,57,20,24,0,3,101,67,9,7,0,4,78,4370,213,125,3,31,4744
POA4165,3257,165,140,0,6,3575,5303,77,31,0,3,5416,1787,98,57,0,3,1938,97,0,63,0,0,158,479,42,19,0,3,545,6,8,46,0,0,64,27,8,4,0,0,41,23,6,0,0,0,28,2426,154,190,0,5,2771,41,148,207,0,3,405,229,28,23,0,3,281,11257,579,591,0,18,12447
POA4169,364,30,644,10,0,1050,512,48,636,0,0,1202,361,92,1844,3,7,2307,3,17,274,0,0,298,159,19,477,0,0,659,5,0,25,0,3,37,20,0,38,0,3,55,9,0,23,0,0,31,559,135,2680,4,12,3386,6,0,15,0,0,23,56,16,130,0,4,202,1497,226,4102,17,18,5861
POA4170,1532,160,142,89,3,1923,2498,440,326,7,10,3278,972,718,927,3,20,2634,93,138,142,0,0,377,310,110,150,0,0,575,6,0,0,0,0,10,19,5,3,13,0,33,28,4,8,3,0,38,1427,973,1230,15,18,3666,21,7,5,0,0,31,134,36,35,10,3,221,5608,1618,1738,117,37,9112
POA4171,1037,113,200,0,6,1355,1409,236,295,0,3,1942,520,294,889,0,3,1703,10,30,120,0,0,160,151,60,187,0,0,402,4,0,3,0,0,8,6,3,4,0,0,17,11,3,3,0,0,13,699,395,1211,0,4,2307,14,3,8,0,0,17,63,9,36,0,0,107,3210,751,1745,0,14,5721
POA4172,299,14,0,9,0,315,532,74,4,0,3,609,236,90,17,0,0,345,56,3,0,0,0,62,62,16,3,0,0,82,3,0,0,0,0,8,0,0,0,0,0,0,5,0,0,0,0,6,368,114,23,0,0,504,0,0,0,0,0,3,30,4,0,0,0,41,1229,203,26,6,3,1472
POA4173,834,59,3,0,3,899,1085,149,8,0,4,1243,331,159,40,0,0,532,28,13,3,0,0,41,139,60,11,0,0,217,3,4,0,0,0,6,13,3,0,0,0,13,7,0,0,0,0,7,517,244,59,0,0,818,12,0,0,0,0,8,43,8,0,0,0,52,2487,464,64,0,6,3020
POA4174,174,8,0,0,0,181,393,30,0,0,0,418,98,23,0,0,0,119,6,8,0,0,0,16,40,14,0,0,0,54,0,0,0,0,0,3,3,3,0,0,0,8,6,3,0,0,0,9,161,44,0,0,3,213,3,3,0,0,0,3,7,3,0,0,0,13,742,85,0,0,3,835
POA4178,2252,165,97,0,0,2517,2904,212,64,0,10,3189,1181,485,253,0,6,1924,170,220,201,0,0,592,338,171,65,3,3,576,15,23,3,0,0,46,14,20,9,0,0,45,18,15,10,0,0,46,1734,940,534,3,18,3230,34,0,0,0,0,35,152,234,35,0,8,434,7081,1557,730,7,28,9403
POA4179,1912,173,32,86,4,2205,2451,170,31,12,3,2671,770,268,114,4,4,1161,88,97,31,0,0,222,225,85,19,0,0,325,13,11,0,0,0,32,11,11,0,0,0,25,15,6,0,0,0,19,1126,479,161,8,4,1777,26,139,5,4,3,180,101,35,10,3,4,149,5611,995,250,103,19,6977
POA4183,307,5,4,28,0,347,145,5,3,3,7,159,49,0,21,0,0,72,21,0,0,0,0,23,95,3,10,3,3,115,36,0,3,0,0,37,11,0,0,13,0,20,7,0,0,0,0,11,218,7,38,16,3,282,3,0,0,4,0,9,26,0,0,3,0,33,704,13,47,61,10,832
POA4184,1304,0,0,3,10,1322,781,0,0,0,0,786,631,0,3,6,6,644,0,0,0,0,0,0,302,3,0,0,4,307,0,0,0,0,0,0,13,0,0,0,0,13,19,0,0,0,0,20,970,3,3,10,7,988,21,0,0,0,0,21,114,0,0,3,0,114,3187,3,3,15,16,3227
POA4205,716,21,22,0,0,760,560,15,3,0,0,574,219,84,0,0,0,304,65,15,0,0,0,77,110,10,0,0,3,121,7,3,3,0,0,12,27,0,0,0,0,28,13,0,0,0,0,13,439,113,3,0,3,564,9,10,7,0,0,29,52,10,7,0,0,69,1783,167,45,0,9,2001
POA4207,4066,372,34,49,11,4528,6306,282,65,7,10,6669,3288,1179,402,0,6,4876,463,126,171,0,0,759,915,181,35,0,4,1136,21,23,10,0,0,53,120,37,6,4,0,170,67,24,3,0,3,91,4875,1570,628,4,13,7092,79,28,4,0,0,114,399,90,33,5,8,540,15717,2344,765,70,42,18940
POA4208,1166,41,5,14,0,1225,2694,88,19,3,4,2809,1369,156,11,0,4,1548,25,0,0,0,0,21,222,33,10,0,3,264,4,3,0,0,0,5,27,0,0,0,0,28,12,0,0,0,0,14,1658,187,27,5,12,1885,15,5,0,0,0,16,114,9,0,0,0,119,5646,324,53,14,18,6059
POA4209,1187,216,3,38,8,1449,4608,474,4,4,9,5104,4892,1752,64,5,24,6733,86,67,9,0,4,161,457,274,18,6,3,755,28,30,7,0,0,59,42,43,7,5,3,102,22,14,3,0,4,42,5520,2165,104,22,31,7850,29,29,0,0,0,64,203,63,4,3,3,270,11555,2948,111,67,50,14736
POA4210,982,193,3,3,0,1179,2904,399,6,3,0,3310,817,348,5,0,3,1180,14,19,0,0,0,33,169,123,0,3,0,293,0,3,0,0,0,7,17,11,0,0,0,29,14,3,0,0,0,20,1038,498,11,3,5,1551,11,3,0,0,0,21,89,27,0,0,0,118,5026,1121,15,8,11,6183
POA4211,3651,856,141,149,8,4803,7645,971,168,12,10,8799,1992,1603,304,3,4,3911,230,146,81,0,0,463,721,533,95,3,3,1360,18,45,47,0,0,116,80,70,10,260,0,418,40,27,13,3,0,84,3083,2425,555,272,10,6347,69,168,37,3,0,273,318,142,44,26,8,539,14767,4566,944,459,33,20771
POA4212,2379,491,177,89,9,3145,3266,378,133,18,11,3802,986,396,367,0,3,1755,36,3,0,0,0,40,277,153,60,4,0,501,3,0,0,0,0,4,34,12,6,9,0,52,11,7,3,0,0,23,1348,574,437,11,7,2380,54,26,46,0,0,131,166,40,23,6,4,239,7216,1507,820,125,24,9695
POA4213,2362,190,7,10,3,2564,4308,214,19,3,8,4552,703,233,15,0,3,960,113,27,9,0,0,148,398,120,11,3,7,539,7,3,0,0,0,6,30,11,0,13,0,63,30,3,0,0,0,38,1289,395,38,27,14,1750,44,4,0,0,0,47,169,22,3,3,125,323,8164,817,71,38,148,9234
POA4214,2967,497,70,4,7,3532,4243,410,92,3,5,4746,1663,596,112,0,3,2368,180,47,29,0,0,261,575,222,83,0,4,886,11,32,9,0,0,51,87,34,23,0,4,146,38,12,0,0,0,51,2551,942,257,3,11,3769,37,68,5,0,0,112,245,75,27,0,45,386,10039,1983,452,4,65,12545
POA4215,1557,1181,1313,52,21,4126,1706,1467,886,3,23,4093,962,2270,3786,0,32,7053,206,510,548,0,6,1270,438,731,982,0,16,2166,10,45,138,0,0,198,31,59,130,3,18,243,29,34,57,0,3,123,1673,3658,5644,8,75,11054,33,15,92,3,0,139,173,315,345,3,41,873,5137,6638,8264,75,168,20282
POA4216,3175,1042,933,245,27,5420,2378,975,582,7,6,3949,898,1294,1409,3,5,3608,22,101,107,0,14,244,349,483,442,3,0,1278,5,21,18,0,0,42,63,100,33,18,5,218,31,21,28,4,0,85,1368,2016,2034,30,21,5470,28,49,45,0,0,132,211,103,115,13,4,440,7164,4184,3709,292,65,15415
POA4217,1748,525,2049,50,35,4411,1745,448,1409,9,19,3635,540,561,3986,0,39,5125,0,4,15,0,0,20,210,213,1271,3,20,1709,0,13,42,0,0,53,7,27,157,3,3,196,10,10,95,3,0,120,773,827,5569,7,60,7234,28,29,49,0,0,106,107,43,313,5,16,487,4395,1868,9393,73,136,15868
POA4218,2188,508,1020,43,10,3775,2173,452,838,3,8,3477,763,746,2018,7,12,3541,0,16,22,0,0,44,282,282,514,3,6,1087,0,0,13,0,0,20,13,27,73,25,0,138,16,17,23,0,0,56,1077,1095,2660,33,19,4884,28,9,28,3,0,60,149,66,148,3,9,380,5616,2132,4692,90,45,12572
POA4220,2431,751,688,17,7,3892,2591,864,511,5,8,3981,689,650,1039,4,6,2390,23,49,141,0,0,218,323,300,370,3,7,1002,0,7,14,0,0,23,35,17,43,3,6,92,28,15,24,0,0,70,1101,1041,1624,8,23,3794,41,8,14,0,3,74,160,91,107,3,3,365,6321,2761,2953,29,40,12102
POA4221,2223,552,338,36,6,3162,2627,473,358,0,4,3460,657,483,878,0,12,2033,32,48,183,0,0,268,309,196,304,3,4,820,4,3,10,0,0,21,21,15,30,0,3,70,26,12,22,0,0,65,1053,766,1426,6,24,3274,26,18,12,0,0,47,143,54,83,3,3,287,6071,1866,2214,51,36,10232
POA4222,0,0,0,0,0,0,0,0,0,0,0,0,0,0,0,0,0,0,0,0,0,0,0,0,0,0,0,0,0,0,0,0,0,0,0,0,0,0,0,0,0,0,0,0,0,0,0,0,0,0,0,0,0,0,0,0,0,0,0,0,0,0,0,0,0,0,0,0,0,0,0,0
POA4223,1323,299,150,3,3,1776,1507,231,107,6,0,1849,236,216,171,0,4,634,76,66,9,0,0,152,186,104,81,0,3,374,3,5,3,0,0,10,14,20,8,0,0,41,17,7,4,0,0,30,541,415,276,0,9,1241,11,21,0,0,0,31,75,42,21,0,0,139,3465,1000,548,4,20,5040
POA4224,420,131,140,0,0,686,556,184,125,0,3,868,116,201,236,4,3,552,4,21,11,0,0,34,61,79,89,3,5,237,0,0,3,0,0,3,3,14,13,0,0,21,4,3,4,0,0,8,187,312,355,6,8,863,3,0,6,0,0,13,34,19,8,0,0,65,1195,648,630,9,11,2488
POA4225,239,49,688,55,4,1043,167,43,344,3,0,559,78,69,942,5,7,1104,0,34,88,0,0,128,50,22,251,0,0,319,0,0,0,0,0,0,0,3,20,0,3,29,0,0,17,3,3,18,124,131,1321,5,11,1597,5,0,10,3,0,25,19,8,87,9,4,125,557,232,2449,83,25,3340
POA4226,2537,662,171,0,4,3374,2847,719,98,0,5,3667,1121,1309,252,0,10,2694,29,7,4,0,0,41,296,460,114,0,6,869,9,17,16,0,0,45,17,64,27,0,0,109,33,16,21,0,0,68,1505,1875,437,3,10,3830,25,12,96,0,0,128,143,80,56,0,0,283,7055,3343,858,7,21,11281
POA4227,938,428,80,3,0,1447,1898,893,98,0,0,2894,667,864,481,0,3,2020,129,104,24,0,0,254,168,272,158,0,0,605,3,13,8,0,0,27,15,36,31,0,0,84,12,8,12,0,0,27,993,1300,713,3,3,3012,9,11,0,0,0,22,69,58,20,0,0,147,3911,2696,919,4,4,7525
POA4228,532,24,0,0,0,556,748,17,0,0,3,768,54,0,0,0,0,59,0,0,0,0,0,0,82,3,0,0,0,86,0,3,0,0,0,3,6,0,0,0,0,6,3,0,0,0,0,6,150,4,0,4,0,160,10,9,0,0,0,13,29,0,0,0,0,35,1470,52,3,4,3,1537
POA4229,0,0,0,0,0,0,0,0,0,0,0,0,0,0,0,0,0,0,0,0,0,0,0,0,0,0,0,0,0,0,0,0,0,0,0,0,0,0,0,0,0,0,0,0,0,0,0,0,0,0,0,0,0,0,0,0,0,0,0,0,0,0,0,0,0,0,0,0,0,0,0,0
POA4230,16,101,102,0,0,217,0,68,36,0,0,106,3,109,186,0,0,304,0,0,0,0,0,0,0,38,46,0,0,87,0,0,0,0,0,0,0,5,3,0,0,6,0,0,0,0,0,4,3,161,237,0,0,401,0,3,0,0,0,0,0,6,8,0,0,14,18,330,384,0,0,737
POA4270,276,3,0,0,0,281,739,0,0,0,0,743,83,0,0,0,0,79,0,0,0,0,0,0,52,0,0,0,0,52,0,0,0,0,0,0,3,0,0,0,0,7,4,0,0,0,0,4,147,0,0,0,0,147,9,0,0,0,0,9,26,0,0,0,0,24,1190,4,0,0,5,1202
POA4271,364,3,3,3,0,371,462,0,3,7,0,468,127,3,3,0,0,142,0,0,0,0,0,0,69,0,0,11,0,79,0,0,0,0,0,0,3,0,0,0,0,3,9,0,0,0,0,9,211,3,5,9,0,230,3,0,0,0,0,3,11,0,0,0,0,18,1049,14,15,23,0,1093
POA4272,710,31,3,6,3,748,606,8,0,6,0,618,143,6,4,0,0,153,0,0,0,0,0,0,84,9,3,3,3,99,0,0,0,0,0,0,9,0,0,0,0,11,12,0,0,0,0,14,250,11,4,3,6,277,8,3,0,0,0,8,43,0,0,5,0,44,1607,51,8,23,10,1698
POA4275,320,0,0,4,0,324,513,0,0,0,3,516,99,5,0,0,0,106,3,0,0,0,0,3,76,0,0,0,0,83,0,0,0,0,0,0,28,0,0,0,0,26,10,0,0,0,0,10,217,8,4,0,0,228,8,0,0,0,0,8,20,0,0,0,0,20,1080,4,3,11,10,1106
POA4280,1076,0,0,0,0,1079,2877,3,0,7,3,2886,538,25,0,0,0,558,3,0,0,0,0,3,218,3,0,0,0,221,3,0,0,0,0,4,21,0,0,0,0,21,17,0,0,0,0,19,792,24,0,0,4,826,30,0,0,0,0,34,93,0,0,0,3,100,4869,30,0,9,13,4921
POA4285,1764,44,45,37,10,1905,2621,41,7,8,5,2675,913,169,56,6,3,1146,84,53,0,0,0,132,379,44,8,0,3,440,20,15,0,0,0,36,71,14,0,14,3,99,48,3,3,0,0,57,1513,294,68,19,8,1906,29,3,0,0,0,33,165,21,4,3,0,190,6094,403,123,62,24,6711
POA4287,109,0,0,0,0,109,68,0,0,0,0,71,11,0,0,0,0,11,0,0,0,0,0,0,26,0,0,0,0,26,0,0,0,0,0,0,8,0,0,0,0,8,9,0,0,0,0,9,63,0,0,0,0,63,3,0,0,0,0,3,6,0,0,3,0,16,247,0,0,6,0,257
POA4300,2425,88,3,13,3,2534,6920,224,5,9,3,7165,4426,893,29,3,17,5369,490,52,4,0,0,543,689,99,0,0,0,794,34,25,0,0,0,59,228,24,3,46,0,302,48,8,0,0,0,60,5921,1107,40,48,21,7128,39,4,0,0,0,44,295,55,3,7,11,367,15602,1476,42,76,39,17240
POA4301,1202,25,0,3,0,1230,2710,77,7,0,0,2795,2897,472,29,0,11,3401,136,28,14,0,0,168,387,57,0,0,0,453,18,28,4,0,0,46,32,16,0,0,0,48,23,4,0,0,0,26,3492,597,46,4,9,4147,35,3,0,0,0,32,180,24,0,0,3,214,7617,732,55,7,17,8419
POA4303,247,4,0,0,0,248,303,0,4,0,0,308,214,11,5,0,0,228,245,18,0,0,0,260,82,10,0,0,0,94,8,20,3,0,0,24,4,0,0,0,0,7,12,0,0,0,0,13,559,52,11,0,0,622,4,0,0,0,0,3,48,3,0,0,0,50,1164,56,13,0,0,1234
POA4304,1575,33,13,4,0,1626,1790,42,15,4,0,1853,1227,419,102,3,8,1753,124,85,96,0,0,307,433,50,22,3,0,517,20,16,50,0,0,85,29,16,10,0,0,56,22,4,4,0,0,27,1865,589,279,9,7,2750,19,0,0,0,0,21,134,27,15,0,0,177,5371,691,327,19,13,6422
POA4305,5204,268,35,30,9,5542,6811,122,16,12,7,6966,4361,998,204,7,33,5607,510,245,80,0,0,833,1258,216,49,3,7,1540,68,105,29,0,0,199,528,72,10,24,0,632,73,21,3,0,0,99,6797,1658,368,35,41,8907,65,39,5,0,0,108,416,103,20,3,5,552,19296,2195,447,86,60,22076
POA4306,3547,17,45,43,6,3659,5448,14,8,18,16,5503,1211,39,10,5,13,1275,15,0,0,0,0,19,544,14,0,0,0,563,14,0,0,0,0,14,107,0,5,52,3,169,54,4,0,6,0,58,1937,58,14,61,13,2086,41,0,0,3,0,37,212,0,4,25,5,253,11182,91,69,160,38,11546
POA4307,176,0,0,3,0,182,198,0,0,0,0,199,34,5,0,0,0,34,0,0,0,0,0,0,68,0,0,0,0,71,0,0,0,0,0,0,4,0,0,0,0,4,5,0,0,0,0,3,114,3,0,0,0,115,3,0,0,3,0,6,12,0,0,0,0,12,505,3,0,7,4,516
POA4309,464,0,0,14,0,483,366,0,0,4,0,373,73,0,0,0,0,73,0,0,0,0,0,0,81,0,0,7,0,81,0,0,0,0,0,0,11,0,0,4,0,11,14,0,0,0,0,12,178,0,0,6,0,181,6,0,0,0,0,6,29,0,0,0,0,26,1040,0,3,28,4,1072
POA4310,917,11,15,30,4,976,671,0,0,8,0,677,184,11,11,0,0,209,3,0,0,0,0,4,157,0,3,3,0,169,0,3,0,0,0,8,12,0,0,3,0,14,20,0,0,0,0,20,381,16,19,3,3,425,16,5,13,0,0,32,62,0,4,0,0,65,2041,32,52,38,9,2173
POA4311,1063,4,0,21,3,1089,1303,4,0,11,8,1322,570,4,7,0,3,584,8,0,0,0,0,8,255,3,3,3,0,265,5,0,8,0,0,13,57,0,0,19,8,82,26,0,0,0,0,31,925,8,18,18,11,982,24,0,0,0,0,28,96,0,3,3,0,107,3413,9,23,57,21,3530
POA4312,445,0,0,4,28,475,313,0,0,0,0,311,109,3,11,0,0,125,3,0,0,0,0,4,67,0,0,3,0,73,0,0,0,0,0,0,16,0,0,0,3,16,13,0,0,0,0,13,206,3,9,4,3,226,6,0,0,0,0,8,27,0,0,3,14,43,1000,3,9,12,41,1071
POA4313,373,6,0,3,0,388,264,3,0,0,3,263,92,10,0,0,0,103,3,0,0,0,0,5,64,0,0,0,0,67,0,3,0,0,0,3,15,3,0,0,0,15,12,0,0,0,0,10,189,20,4,0,0,208,8,6,0,0,0,13,22,0,0,0,0,25,856,33,4,3,5,902
POA4340,624,18,3,3,0,648,615,3,0,0,3,617,295,20,0,0,0,314,16,0,0,0,0,11,146,7,0,0,0,151,3,6,0,0,0,13,15,0,0,0,0,22,14,3,0,0,0,22,490,36,0,0,3,533,13,10,0,0,0,21,35,7,0,0,0,38,1771,75,4,7,5,1861
POA4341,1447,27,0,11,7,1487,2069,4,0,3,0,2081,754,20,25,0,0,804,20,7,13,0,0,40,259,9,0,0,5,276,9,8,0,0,0,14,25,0,0,0,0,31,23,0,0,0,0,29,1099,45,39,3,9,1194,27,7,0,0,0,30,146,4,12,42,0,201,4785,87,54,61,14,4991
POA4342,295,0,0,0,3,298,307,0,0,0,3,309,119,7,0,0,0,131,0,0,0,0,0,3,56,0,0,0,0,57,0,0,0,0,0,0,11,0,0,0,0,12,7,0,0,0,0,7,203,10,0,0,0,208,9,0,0,0,0,9,27,0,0,35,0,64,844,10,0,39,8,898
POA4343,1131,18,14,78,15,1254,969,10,3,45,14,1043,542,126,73,40,14,788,49,23,30,0,0,94,240,18,9,14,5,284,3,0,10,0,0,14,45,5,5,4,0,62,16,0,4,0,0,22,886,169,135,61,16,1263,19,0,6,0,0,33,99,12,7,9,11,145,3109,207,160,196,53,3726
POA4344,269,0,0,3,0,274,348,0,0,3,5,352,80,4,7,0,0,94,0,0,0,0,0,0,76,0,0,6,0,83,0,0,0,0,0,0,8,0,0,29,0,35,3,0,0,3,0,5,165,10,8,35,4,227,9,0,0,0,0,9,26,0,3,3,0,38,818,8,14,51,7,896
POA4345,0,0,0,0,0,0,0,0,0,0,0,0,4,0,0,0,0,4,3,0,0,0,0,3,0,0,0,0,0,0,0,0,0,0,0,0,4,0,0,0,0,4,0,0,0,0,0,0,14,0,0,0,0,14,0,0,0,0,0,0,3,0,0,0,0,3,17,0,0,0,0,17
POA4346,94,0,0,6,0,106,134,0,0,0,0,134,28,0,0,0,0,28,0,0,0,0,0,0,33,0,0,0,3,33,0,3,0,0,0,3,3,0,0,0,0,3,6,0,0,0,0,6,68,3,0,0,3,76,0,0,0,0,0,0,3,0,0,0,0,3,299,3,0,6,3,319
POA4347,170,0,0,0,0,176,153,0,0,0,0,154,24,0,0,0,0,30,0,0,0,0,0,0,29,0,0,0,0,29,0,0,0,0,0,0,5,0,0,0,0,5,4,0,0,0,0,4,61,0,0,0,0,64,3,0,0,0,0,3,20,0,0,0,0,20,409,0,0,3,0,412
POA4350,10450,1186,403,72,28,12133,10931,601,191,36,32,11790,5735,2665,1193,26,51,9666,562,484,173,3,7,1226,2019,486,206,10,23,2743,71,81,50,0,3,210,296,69,39,21,12,439,101,42,13,0,0,158,8779,3822,1679,56,104,14438,108,278,84,0,9,483,645,247,90,3,99,1084,30920,6126,2443,174,266,39931
POA4352,3050,68,3,10,28,3158,4313,21,7,13,21,4376,743,77,3,0,0,825,8,0,0,0,0,5,349,6,3,3,0,369,3,11,0,0,0,15,124,3,0,0,3,126,63,0,0,0,0,65,1284,103,5,4,12,1406,46,20,0,0,0,63,153,11,0,0,8,174,8843,223,12,27,69,9173
POA4353,51,0,0,0,0,51,41,0,0,0,0,39,3,0,0,0,0,3,0,0,0,0,0,0,5,0,0,0,0,9,0,0,0,0,0,0,0,0,0,0,0,0,0,0,0,0,0,0,11,0,0,0,0,9,0,0,0,0,0,0,3,0,0,0,0,3,108,0,0,0,3,108
POA4354,160,0,0,0,0,163,160,0,0,0,4,165,41,0,0,0,0,41,0,0,0,0,0,0,37,0,0,0,0,36,0,0,0,0,0,0,3,0,0,0,0,3,3,0,0,0,0,3,81,0,0,0,0,85,3,0,0,0,0,3,16,0,0,0,0,17,423,3,0,5,5,431
POA4355,472,5,0,7,0,483,263,0,0,0,0,264,103,3,3,0,0,111,6,0,0,0,0,6,84,0,3,0,0,91,3,8,0,0,0,12,12,0,0,4,3,18,8,0,0,0,0,8,226,12,9,4,3,251,10,4,0,0,0,19,20,3,0,3,4,34,994,23,10,11,11,1052
POA4356,631,3,7,3,0,648,545,0,0,4,0,552,208,21,11,0,0,238,4,0,0,0,0,3,108,0,0,0,0,107,3,4,0,0,0,4,52,0,0,8,4,63,22,0,0,0,0,25,394,30,11,9,8,448,7,0,9,0,0,20,51,0,3,0,0,56,1629,33,27,19,12,1716
POA4357,370,0,0,3,4,372,239,0,0,3,0,247,98,0,9,0,0,111,0,0,4,0,0,6,67,0,5,0,0,73,0,0,0,0,0,0,29,0,0,9,0,37,18,0,0,0,0,20,209,0,19,9,0,241,10,0,0,0,0,10,26,0,0,0,0,27,853,0,23,13,8,894
POA4358,236,0,0,0,0,235,332,3,3,0,0,340,58,15,3,0,0,71,3,0,0,0,0,3,56,0,0,0,0,60,0,0,0,0,0,0,10,0,0,0,0,9,5,0,0,0,0,5,131,12,3,0,0,149,5,0,0,0,0,5,13,0,0,0,0,14,715,19,4,0,4,746
POA4359,140,0,0,0,0,143,184,0,0,0,0,188,23,5,0,0,0,31,0,0,0,0,0,0,41,0,0,0,0,41,0,0,0,0,0,0,11,0,0,0,0,11,3,0,0,0,0,3,75,5,0,0,0,78,0,0,0,0,0,0,11,0,0,0,0,13,405,5,0,0,0,416
POA4360,91,0,0,0,0,89,81,0,0,3,0,87,18,0,0,0,0,18,0,0,0,0,0,0,17,0,0,0,0,17,0,0,0,0,0,0,0,0,0,0,0,0,0,0,0,0,0,0,38,0,0,0,0,38,0,0,0,0,0,0,5,0,0,0,0,5,221,0,0,3,0,218
POA4361,414,0,0,16,0,431,280,4,3,0,3,285,94,14,5,0,0,112,6,0,0,0,0,9,70,3,0,0,0,71,0,0,0,0,0,3,27,0,0,3,0,31,9,0,0,0,0,6,207,23,4,0,0,239,5,0,0,0,0,10,36,0,0,0,0,38,943,31,10,15,4,1005
POA4362,395,0,0,6,0,403,289,0,0,0,0,286,55,7,4,0,0,68,3,0,3,0,0,3,68,0,3,0,0,70,0,0,3,0,0,3,14,0,0,0,0,16,15,0,0,0,0,13,155,8,14,3,0,179,9,0,0,0,0,9,33,0,0,0,0,38,884,9,21,10,0,926
POA4363,70,0,0,0,0,70,79,0,0,0,0,79,16,0,0,0,0,16,0,0,0,0,0,0,12,0,0,0,0,10,0,0,0,0,0,0,4,0,0,0,0,4,3,0,0,0,0,3,40,0,0,0,0,44,0,0,0,0,0,0,9,0,0,0,0,9,199,0,0,0,0,203
POA4364,26,0,0,0,0,30,9,0,0,0,0,9,10,0,0,0,0,10,0,0,0,0,0,0,10,0,0,0,0,10,0,0,0,0,0,0,5,0,0,0,0,5,5,0,0,0,0,5,29,0,0,0,0,29,3,0,0,0,0,3,0,0,0,0,0,0,73,0,0,3,0,70
POA4365,89,0,0,0,0,87,58,0,0,0,5,68,6,0,0,0,0,6,0,0,0,0,0,0,14,0,0,0,0,14,0,0,0,0,0,0,7,0,0,0,0,7,3,0,0,0,0,3,28,0,0,0,0,28,0,0,0,0,0,0,3,0,0,0,0,9,179,0,0,3,5,188
POA4370,2345,102,12,24,7,2492,1952,33,4,3,5,1997,1029,250,60,3,13,1361,47,56,3,0,0,107,463,55,28,4,3,550,17,17,9,0,0,43,70,4,3,22,7,107,45,3,0,0,0,45,1669,381,102,36,27,2219,36,36,0,0,0,71,152,32,6,3,5,203,6161,585,123,70,46,6984
POA4371,136,0,0,6,0,138,94,0,0,0,0,94,12,0,0,0,0,12,0,0,0,0,0,0,14,0,0,0,0,14,0,0,0,0,0,0,4,0,0,0,0,4,3,0,0,0,0,3,30,0,0,0,0,30,6,0,0,0,0,4,14,0,0,0,0,14,270,0,0,3,3,275
POA4372,32,0,0,0,0,32,17,0,0,0,0,17,0,0,0,0,0,0,0,0,0,0,0,0,0,0,0,0,0,0,0,0,0,0,0,0,0,0,0,0,0,0,0,0,0,0,0,0,4,0,0,0,0,4,0,0,0,0,0,0,0,0,0,0,0,0,60,0,0,0,0,60
POA4373,170,0,0,3,3,180,89,0,0,3,0,94,36,0,0,0,0,41,0,0,0,0,0,3,32,0,0,0,3,32,3,0,4,0,0,6,11,0,3,0,0,16,3,0,0,0,0,3,86,0,9,0,9,100,3,0,0,0,0,3,12,0,0,0,0,11,357,0,10,8,14,387
POA4374,69,0,0,0,0,69,52,0,0,0,0,52,9,0,0,0,0,12,0,3,0,0,0,3,8,0,0,0,0,8,0,0,0,0,0,0,0,0,0,0,0,0,3,0,0,0,0,3,21,3,0,0,0,19,3,0,0,0,0,3,3,0,0,0,0,3,145,3,0,0,0,149
POA4375,32,0,0,0,0,35,22,0,0,0,0,22,3,0,0,0,0,3,0,0,0,0,0,0,14,0,0,0,0,14,0,0,0,0,0,0,3,0,0,0,0,3,0,0,0,0,0,0,25,0,0,0,0,25,0,0,0,0,0,0,0,0,0,0,0,0,84,0,0,0,0,86
POA4376,45,0,0,0,0,45,39,0,0,0,0,39,9,0,0,0,0,9,0,0,0,0,0,0,12,0,0,0,0,18,0,0,0,0,0,0,6,0,0,4,0,9,0,0,0,0,0,3,31,0,0,8,0,35,3,0,0,0,0,3,10,0,0,0,0,8,121,0,0,7,0,135
POA4377,91,0,0,0,0,92,71,0,0,0,0,72,14,0,0,0,0,14,0,0,0,0,0,0,19,0,0,0,0,18,0,0,0,0,0,0,9,0,0,0,0,9,3,0,0,0,0,3,34,0,0,0,0,38,3,0,0,0,0,3,5,0,0,0,0,5,203,0,0,0,0,210
POA4378,82,0,3,0,0,84,56,0,0,0,0,62,14,0,0,0,0,14,0,0,0,0,0,0,12,0,0,0,0,12,0,0,0,0,0,0,3,0,0,0,0,3,3,0,0,0,0,3,34,0,0,0,0,40,0,0,0,0,0,0,4,0,0,0,0,4,179,0,3,3,0,186
POA4380,1233,32,18,14,0,1311,779,3,6,12,3,801,363,36,84,0,0,486,37,8,24,0,0,68,182,11,14,3,3,213,0,3,13,0,0,18,36,3,0,7,0,41,18,0,0,8,0,24,638,59,141,14,3,854,11,0,5,0,0,22,68,3,14,3,0,86,2734,100,178,44,16,3075
POA4381,83,0,0,4,0,89,73,0,0,0,0,75,21,0,0,0,0,21,0,0,0,0,0,0,18,3,0,4,0,18,0,0,0,0,0,0,4,0,0,3,0,9,0,0,0,0,0,4,42,5,0,10,0,51,0,0,0,0,0,0,5,0,0,0,0,5,207,8,0,12,0,228
POA4382,72,0,0,4,0,79,40,0,0,0,0,40,16,0,0,0,0,16,0,0,0,0,0,0,25,0,0,0,0,25,0,0,0,0,0,0,5,0,0,3,0,11,4,0,0,0,0,4,50,0,0,7,0,53,0,0,0,0,0,0,5,0,0,0,0,5,171,0,0,6,4,183
POA4383,114,0,0,0,0,111,73,0,0,0,0,73,28,0,0,0,0,28,0,0,0,0,0,0,24,0,0,0,0,24,0,0,0,0,0,0,3,0,0,0,0,3,3,0,0,0,0,4,61,0,0,0,0,64,0,0,0,0,0,0,10,0,0,0,0,5,248,0,0,7,0,257
POA4384,10,0,0,0,0,10,8,0,0,0,0,8,0,0,0,0,0,0,0,0,0,0,0,0,4,0,0,0,0,4,0,0,0,0,0,0,0,0,0,0,0,0,0,0,0,0,0,0,3,0,0,0,0,3,0,0,0,0,0,0,0,0,0,0,0,0,20,0,0,0,0,20
POA4385,218,0,0,12,0,231,105,0,0,0,0,104,26,0,0,0,0,26,13,4,0,0,0,14,46,0,0,7,0,49,0,0,0,0,0,0,26,0,0,3,0,30,11,0,0,0,0,13,110,13,0,9,0,134,9,0,0,0,0,9,15,0,0,0,0,22,456,13,4,19,0,494
POA4387,191,0,0,0,11,205,110,0,0,0,8,118,31,3,0,0,3,43,4,0,0,0,3,10,55,0,0,5,0,66,0,0,0,0,0,0,23,0,3,0,3,32,15,0,0,0,0,15,125,3,10,4,12,156,7,0,0,0,0,7,10,0,0,0,0,14,443,9,7,6,34,496
POA4388,63,0,0,4,0,71,21,0,0,0,0,28,11,0,0,0,0,11,0,0,0,0,0,0,17,0,0,0,0,20,0,0,0,0,0,0,13,0,0,0,0,13,4,0,0,0,0,4,43,0,0,0,0,49,3,0,0,0,0,3,3,0,0,0,0,3,137,0,0,3,3,147
POA4390,647,6,16,8,3,682,683,6,9,0,0,693,268,18,134,0,0,415,45,10,20,0,0,72,190,9,28,3,3,240,8,3,0,0,0,7,94,6,18,9,0,119,33,0,0,0,0,35,633,45,192,7,11,885,19,0,0,0,0,20,61,4,14,8,4,83,2035,62,230,24,17,2363
POA4400,193,0,0,0,0,193,332,0,0,3,0,335,44,0,0,0,0,44,7,0,0,0,0,7,50,0,0,0,0,50,0,0,0,0,0,0,3,0,0,0,0,3,4,0,0,0,0,4,111,0,0,0,0,111,0,0,0,0,0,0,8,0,0,0,0,8,649,0,0,3,0,651
POA4401,625,0,7,5,0,636,582,0,3,7,3,592,353,0,59,0,0,410,29,0,6,0,0,36,128,0,6,3,0,139,9,0,9,0,0,15,23,0,3,0,0,28,13,0,0,0,0,14,553,0,81,3,0,642,13,0,0,0,0,18,52,0,8,5,0,63,1836,0,99,22,3,1953
POA4402,61,0,0,0,0,65,29,0,0,3,0,31,3,0,0,0,0,3,0,0,0,0,0,0,17,0,0,0,0,17,0,0,0,0,0,0,3,0,0,0,0,3,0,0,0,0,0,0,19,0,0,0,0,19,0,0,0,0,0,0,3,0,0,0,0,3,115,0,0,5,0,119
POA4403,99,0,0,3,3,107,74,0,0,0,0,74,15,0,0,0,0,14,0,0,0,0,0,0,41,0,0,0,0,38,0,0,0,0,0,0,9,0,0,0,0,16,12,0,0,0,0,12,74,0,0,0,0,77,3,0,0,0,0,3,4,0,0,0,3,6,257,0,0,11,11,275
POA4404,65,0,0,0,0,65,49,0,0,0,0,49,0,0,0,0,0,0,0,0,0,0,0,0,20,0,0,0,0,20,0,0,0,0,0,0,22,0,0,0,0,22,4,0,0,0,0,4,54,0,0,0,0,54,3,0,0,0,0,3,7,0,0,0,0,7,172,0,0,3,0,176
POA4405,1348,16,0,13,4,1381,1572,8,0,4,3,1588,857,78,83,3,0,1019,49,32,11,0,0,96,406,14,5,0,5,434,15,38,4,0,0,50,127,5,3,4,13,150,41,5,0,0,0,52,1493,168,111,13,18,1798,26,0,0,3,0,30,105,11,4,3,0,119,4538,206,115,33,19,4915
POA4406,188,20,3,4,0,208,104,6,0,0,0,105,4,0,0,0,0,8,0,0,0,0,0,0,52,0,0,0,0,56,0,0,0,0,0,0,49,0,0,3,0,59,29,0,0,0,0,29,140,0,0,10,0,153,11,0,0,0,0,11,17,0,0,3,0,19,456,29,3,14,4,496
POA4407,74,0,0,9,0,75,45,0,0,0,0,45,5,0,0,0,0,6,0,0,0,0,0,0,21,0,0,0,0,24,0,0,0,0,0,0,21,0,0,0,3,23,6,0,0,0,0,12,57,0,0,0,4,58,5,0,0,0,0,5,9,0,0,0,0,9,185,0,0,7,6,194
POA4408,102,0,0,0,0,102,73,0,0,0,3,75,4,0,0,0,0,4,0,0,5,0,0,4,29,0,0,0,0,29,0,0,3,0,0,3,14,0,0,0,0,14,3,0,0,0,0,3,49,0,11,0,0,58,3,0,0,0,0,3,3,0,0,0,0,4,225,0,9,0,3,237
POA4410,193,0,0,0,0,201,105,0,0,0,0,109,24,3,0,0,0,22,4,0,9,0,0,13,51,0,0,0,0,60,0,0,0,0,0,0,9,0,0,3,0,15,9,0,0,0,0,9,95,3,9,6,0,115,3,0,0,0,0,4,12,0,4,0,0,15,414,3,14,7,4,444
POA4411,32,0,0,0,0,34,18,0,0,0,0,18,3,0,0,0,0,3,0,0,0,0,0,0,10,0,0,0,0,10,0,0,0,0,0,0,16,0,0,0,0,16,5,0,0,0,0,5,36,0,0,0,0,36,3,0,0,0,0,3,4,0,0,0,0,4,99,0,0,0,0,97
POA4412,21,0,0,0,0,21,19,0,0,0,0,19,0,0,0,0,0,0,0,0,0,0,0,0,12,0,0,0,0,12,0,0,0,0,0,0,3,0,0,0,0,3,5,0,0,0,0,5,23,0,0,0,0,23,0,0,0,0,0,0,0,0,0,0,0,0,67,0,0,0,0,67
POA4413,744,20,9,7,0,781,654,10,0,0,4,664,549,91,128,0,3,775,26,3,10,0,0,38,157,4,5,0,0,172,3,0,6,0,0,13,56,8,6,0,0,71,28,0,0,0,0,33,824,115,158,0,5,1098,21,0,0,0,0,22,59,17,10,6,0,88,2296,156,176,14,12,2654
POA4415,214,0,6,6,3,226,132,0,0,3,0,138,115,43,16,0,3,174,14,14,0,0,0,30,50,0,0,0,0,50,4,3,0,0,0,6,26,3,3,7,0,37,6,0,0,0,0,6,219,61,22,7,7,313,5,0,0,0,0,4,14,3,3,7,0,28,580,69,24,20,5,706
POA4416,42,0,0,0,0,43,32,0,0,0,0,32,3,0,0,0,0,3,0,0,0,0,0,0,18,0,0,0,0,20,0,0,0,0,0,0,28,0,0,0,3,29,3,0,0,0,0,8,50,0,0,0,5,61,5,0,0,0,0,9,0,0,0,0,0,3,144,0,0,0,7,151
POA4417,86,0,0,0,0,86,62,0,0,0,0,60,4,0,0,0,0,6,14,4,0,0,0,13,26,0,0,0,0,26,0,3,0,0,0,3,27,0,0,0,0,31,9,0,0,0,0,9,80,6,0,0,0,93,5,0,0,0,0,5,6,0,0,3,0,12,237,6,0,4,3,254
POA4418,15,0,0,0,0,15,6,0,0,0,0,6,0,0,0,0,0,0,0,0,0,0,0,0,4,0,0,0,0,4,0,0,0,0,0,0,4,0,0,0,0,4,8,0,0,0,0,8,14,0,0,0,0,14,0,0,0,0,0,0,0,0,0,0,0,0,42,0,0,0,0,42
POA4419,114,0,0,0,0,115,32,0,0,0,0,32,35,0,9,0,0,40,3,0,3,0,0,6,39,0,0,0,0,39,0,0,3,0,0,3,20,0,0,0,0,20,6,0,0,0,0,6,112,0,14,0,0,128,7,0,0,0,0,3,9,0,3,0,0,12,273,0,19,0,0,292
POA4420,178,0,0,0,7,186,88,0,0,0,0,85,10,0,0,0,0,10,7,0,0,0,0,7,57,0,0,0,0,58,0,0,0,0,0,0,32,0,0,0,0,30,19,0,0,0,0,17,121,3,0,0,3,119,6,0,0,0,0,6,16,0,0,0,0,14,405,4,0,3,8,422
POA4421,379,0,0,5,3,389,177,0,0,0,3,178,19,0,0,0,0,19,24,0,0,0,0,21,100,4,0,0,0,106,3,0,0,0,0,3,43,0,0,3,8,52,20,0,0,0,0,18,205,4,0,8,8,221,14,0,0,0,0,14,18,0,0,0,4,24,788,4,0,14,22,827
POA4422,76,0,0,3,0,79,29,0,0,0,0,29,0,0,0,0,0,0,3,0,0,0,0,3,17,0,0,0,0,16,0,0,0,0,0,0,25,0,0,0,0,25,3,0,0,0,0,7,54,0,0,0,0,57,3,0,0,0,0,3,0,0,0,0,0,4,162,0,0,6,0,169
POA4423,17,0,0,3,0,18,23,0,0,0,0,23,0,0,0,0,0,0,0,0,0,0,0,0,5,0,0,0,0,5,0,0,0,0,0,0,10,0,0,0,0,10,7,0,0,0,0,4,21,0,0,0,0,24,0,0,0,0,0,0,0,0,0,0,0,0,58,0,0,0,0,62
POA4424,38,0,0,0,0,38,13,0,0,0,0,13,0,0,0,0,0,0,0,0,0,0,0,0,9,0,0,0,0,9,0,0,0,0,0,0,9,0,0,0,0,9,4,0,0,0,0,4,22,0,0,0,0,22,3,0,0,0,0,3,3,0,0,0,0,3,79,0,0,0,0,79
POA4425,36,0,0,0,0,39,17,0,0,0,0,17,4,0,0,0,0,4,0,0,0,0,0,0,7,0,0,0,0,7,0,0,0,0,0,0,3,0,0,0,0,3,0,0,0,0,0,0,15,0,0,0,0,15,0,0,0,0,0,3,0,0,0,0,0,0,73,0,0,0,0,76
POA4426,34,3,0,0,0,32,12,0,0,0,0,12,0,0,0,0,0,0,0,0,0,0,0,0,5,0,0,0,0,5,0,0,0,0,0,0,3,0,0,0,0,3,3,0,0,0,0,5,10,0,0,0,0,9,0,0,0,0,0,0,0,0,0,0,0,0,50,3,0,4,0,56
POA4427,47,0,0,0,0,47,25,0,0,3,0,27,3,0,0,0,0,3,3,0,0,0,0,3,9,0,0,0,0,9,0,0,0,0,0,0,8,0,0,0,0,8,5,0,0,0,0,5,34,0,0,0,0,34,0,0,0,0,0,3,3,0,0,0,0,3,107,0,0,4,0,112
POA4428,109,0,0,0,0,115,64,0,0,0,4,67,4,0,0,0,0,4,0,3,0,0,0,5,26,0,0,0,0,21,0,0,0,0,0,0,8,0,0,0,0,12,3,0,0,0,0,8,40,3,0,0,0,51,0,0,0,0,0,0,8,0,0,0,0,8,223,3,0,3,4,238
POA4454,95,0,0,0,0,100,52,0,0,0,0,50,0,0,0,0,0,0,0,0,3,0,0,9,35,0,0,0,0,35,0,0,0,0,0,0,23,0,0,3,3,28,7,0,0,0,0,7,70,0,3,3,3,79,5,0,0,0,0,5,15,0,0,0,0,15,233,0,7,3,3,246
POA4455,774,4,0,12,5,791,862,4,3,3,4,873,512,65,25,0,0,600,78,17,4,0,0,102,199,9,3,3,5,217,10,15,0,0,0,27,144,3,10,3,4,158,23,3,0,0,0,23,962,112,39,9,7,1124,19,0,0,0,0,23,85,3,0,4,4,102,2693,118,48,22,21,2910
POA4461,5,0,0,0,0,8,5,0,0,0,0,5,0,0,0,0,0,0,0,0,0,0,0,0,3,0,0,0,0,3,0,0,0,0,0,0,0,0,0,0,0,0,0,0,0,0,0,0,9,0,0,0,0,9,0,0,0,0,0,0,0,0,0,0,0,0,22,0,0,0,0,26
POA4462,22,0,0,0,0,22,9,0,0,0,0,9,0,0,0,0,0,0,0,0,0,0,0,0,8,0,0,0,0,8,0,0,0,0,0,0,0,0,0,0,0,0,3,0,0,0,0,3,5,0,0,0,0,5,0,0,0,0,0,3,4,0,0,0,0,4,43,0,0,0,0,44
POA4465,198,0,0,5,0,205,112,0,0,0,4,118,16,0,0,0,0,16,13,4,0,0,0,19,42,0,0,0,0,42,0,0,0,0,0,0,19,3,0,0,0,22,8,0,0,0,0,8,103,5,0,0,0,111,3,0,0,0,0,3,9,0,0,0,0,15,425,11,0,12,3,451
POA4467,29,0,0,3,0,30,21,0,0,0,0,21,0,0,0,0,0,0,0,0,0,0,0,0,9,0,0,0,0,9,0,0,0,0,0,0,6,0,0,0,0,6,3,0,0,0,0,3,17,0,0,0,0,19,11,0,0,0,0,11,3,0,0,0,0,3,73,0,0,3,0,78
POA4468,48,0,0,0,0,51,27,0,0,0,0,27,0,0,0,0,0,0,0,0,0,0,0,0,8,0,0,0,0,8,0,0,0,0,0,0,12,0,0,0,0,12,4,0,0,0,0,4,27,0,0,0,0,27,3,0,0,0,0,3,4,0,0,0,0,6,108,0,0,3,0,110
POA4470,411,0,0,12,11,438,380,0,0,3,0,383,147,3,13,0,0,164,41,10,11,0,0,60,102,3,3,4,0,109,3,10,0,0,0,11,61,5,9,0,0,73,12,0,0,0,0,15,359,37,31,3,0,429,12,0,0,0,0,19,37,3,3,0,0,47,1204,41,34,23,9,1316
POA4472,235,0,0,10,0,246,121,0,0,0,0,124,38,0,0,0,0,38,19,3,3,0,0,24,40,0,0,0,0,39,3,17,0,0,0,24,27,0,3,3,0,32,16,0,0,0,0,16,143,22,6,3,0,174,4,0,0,0,0,4,11,5,0,0,0,25,512,26,7,15,4,575
POA4474,22,0,0,0,0,22,6,0,0,0,0,6,0,0,0,0,0,0,0,0,0,0,0,0,0,0,0,0,0,0,0,0,0,0,0,0,3,0,0,0,0,3,3,0,0,0,0,3,9,0,0,0,0,5,0,0,0,0,0,0,0,0,0,0,0,0,33,0,0,0,0,32
POA4475,0,0,0,0,0,0,0,0,0,0,0,0,0,0,0,0,0,0,0,0,0,0,0,0,0,0,0,0,0,0,0,0,0,0,0,0,0,0,0,0,0,0,0,0,0,0,0,0,0,0,0,0,0,0,0,0,0,0,0,0,0,0,0,0,0,0,0,0,0,0,0,0
POA4477,89,0,0,0,0,94,32,0,0,0,0,30,0,0,0,0,0,0,0,3,0,0,0,3,12,0,0,0,0,12,0,0,0,0,0,0,18,0,0,0,0,18,5,0,0,0,0,6,37,4,0,0,0,38,3,0,0,0,0,3,15,0,0,0,0,13,168,3,0,3,0,181
POA4478,76,0,0,0,0,78,40,0,0,0,0,36,3,0,0,0,0,3,12,0,0,0,0,12,17,0,0,0,0,16,0,0,0,0,0,0,21,0,0,0,0,21,7,0,0,0,0,7,59,0,0,3,0,60,3,0,0,0,0,3,13,0,0,0,0,10,185,0,0,3,3,186
POA4479,4,0,0,0,0,0,0,0,0,0,0,3,0,0,0,0,0,0,0,0,0,0,0,0,0,0,0,0,0,0,0,0,0,0,0,0,0,0,0,0,0,0,0,0,0,0,0,0,0,0,0,0,0,0,0,0,0,0,0,0,0,0,0,0,0,0,3,0,0,0,0,5
POA4480,86,0,0,3,0,87,73,0,0,0,0,71,0,0,0,0,0,0,12,0,3,0,0,9,34,0,0,0,0,39,3,0,0,0,0,4,34,0,3,0,0,33,10,0,0,0,0,7,84,0,10,0,0,98,11,0,0,0,0,11,8,0,9,0,0,24,252,0,25,8,0,285
POA4481,15,0,0,0,0,17,11,0,0,0,0,11,0,0,0,0,0,0,3,0,0,0,0,7,3,0,0,0,0,3,0,0,0,0,0,0,7,0,0,0,0,7,3,0,0,0,0,3,11,0,0,0,0,16,0,0,0,0,0,0,0,0,0,0,0,0,40,0,0,0,0,44
POA4482,3,0,0,4,0,5,3,0,0,0,0,3,0,0,0,0,0,0,10,0,0,0,0,12,3,0,0,0,0,3,0,0,0,0,0,0,7,0,0,0,0,10,0,0,0,0,0,0,28,0,0,0,0,30,0,0,0,0,0,0,4,0,0,0,0,3,34,0,0,5,3,44
POA4486,84,0,0,4,3,89,48,0,0,0,0,51,5,0,0,0,0,5,8,0,3,0,0,8,21,0,0,0,0,21,0,0,7,0,0,5,25,0,0,0,0,27,15,0,0,0,0,15,74,0,10,0,0,90,5,0,0,0,0,5,14,0,0,3,0,19,235,0,10,8,8,252
POA4487,300,0,0,3,8,316,293,0,0,3,0,298,107,0,14,0,3,124,61,0,3,0,0,66,89,0,0,3,0,96,12,0,0,0,0,12,69,3,0,4,0,75,23,0,0,0,0,27,362,3,16,6,4,398,18,0,0,0,0,15,31,0,0,7,0,46,1012,3,22,24,16,1078
POA4488,42,0,0,6,0,52,14,0,0,0,0,14,4,0,5,0,0,4,0,0,0,0,0,0,4,0,0,0,0,4,0,0,0,0,0,0,8,0,0,0,0,12,8,0,0,0,0,8,25,0,5,0,0,25,3,0,0,0,0,3,3,0,0,0,0,5,94,0,5,10,0,106
POA4489,16,0,0,0,0,11,4,0,0,0,0,5,0,0,0,0,0,0,3,0,0,0,0,3,0,0,0,0,0,0,0,0,0,0,0,0,3,0,0,0,0,3,0,0,0,0,0,0,6,0,0,0,0,6,0,0,0,0,0,0,3,0,0,0,0,3,28,0,0,0,0,30
POA4490,230,3,0,10,3,244,92,0,0,0,3,100,3,0,0,0,0,3,53,10,0,0,0,72,51,0,0,3,0,55,6,3,0,0,0,9,32,0,0,0,0,39,13,0,0,0,0,13,164,14,4,7,0,187,7,0,0,0,0,7,26,0,0,0,0,26,519,15,4,12,10,561
POA4491,18,0,0,0,0,23,5,0,0,0,0,5,0,0,0,0,0,0,0,0,0,0,0,0,8,0,0,0,0,9,0,0,0,0,0,0,0,0,0,0,0,0,0,0,0,0,0,0,9,0,0,0,0,10,0,0,0,0,0,0,0,0,0,0,0,0,39,0,0,0,0,39
POA4492,31,0,0,0,0,34,33,0,0,0,0,33,0,0,0,0,0,0,3,0,0,0,0,3,7,0,0,0,0,13,0,0,0,0,0,0,17,0,0,0,0,20,3,0,0,0,0,6,35,0,0,0,0,45,6,0,0,0,0,6,4,0,0,0,0,8,110,0,0,3,6,115
POA4493,0,0,0,0,0,0,0,0,0,0,0,0,0,0,0,0,0,0,0,0,0,0,0,0,0,0,0,0,0,0,0,0,0,0,0,0,0,0,0,0,3,3,0,0,0,0,0,0,3,0,0,0,3,5,0,0,0,0,0,0,0,0,0,0,0,0,7,0,0,0,3,7
POA4494,23,0,0,0,0,23,4,0,0,0,0,4,0,0,0,0,0,0,0,0,0,0,0,0,4,0,0,0,0,4,0,0,0,0,0,0,16,0,0,0,0,16,3,0,0,0,0,3,18,0,0,0,0,18,3,0,0,0,0,3,0,0,0,0,0,0,52,0,0,0,0,57
POA4496,38,0,0,0,0,40,12,0,0,0,0,16,0,0,0,0,0,0,0,0,0,0,0,0,6,0,0,0,0,12,0,0,0,0,0,0,24,0,0,0,0,25,10,0,0,0,0,10,45,0,0,0,3,45,0,0,0,0,0,0,3,0,0,0,0,3,92,0,0,0,5,100
POA4497,51,0,0,3,0,54,16,0,0,0,0,16,4,0,0,0,0,4,0,0,0,0,0,0,7,0,0,0,0,7,0,0,0,0,0,0,16,0,0,0,0,16,9,0,0,0,0,9,37,0,0,0,0,37,3,0,0,0,0,0,4,0,0,3,0,3,108,0,0,3,3,110
POA4498,12,0,0,0,0,12,18,0,0,0,0,18,0,0,0,0,0,0,0,0,0,0,0,0,4,0,0,0,0,4,0,0,0,0,0,0,28,0,0,0,0,28,5,0,0,0,0,5,38,0,0,0,0,38,7,0,0,0,0,7,0,0,0,0,0,0,72,0,0,3,0,75
POA4500,3150,216,63,0,0,3429,6138,265,47,4,3,6464,1718,764,137,3,0,2617,165,67,31,0,0,275,453,156,39,0,3,646,18,19,0,0,0,33,271,25,3,0,0,302,13,16,0,0,0,29,2646,1043,211,3,3,3906,42,8,0,0,0,51,193,30,17,0,0,232,12164,1557,344,11,7,14081
POA4501,397,73,4,0,0,472,683,97,6,0,0,795,189,174,48,0,0,409,97,60,18,0,0,170,92,47,7,0,0,146,0,11,0,0,0,11,24,4,4,0,0,34,5,5,3,0,0,16,407,293,84,3,0,790,8,14,0,0,0,20,29,18,3,0,0,50,1518,494,99,0,0,2122
POA4502,717,7,3,0,0,731,1394,21,8,0,0,1424,307,117,49,0,0,475,60,10,47,0,0,114,125,29,7,0,0,164,4,3,0,0,0,6,6,8,0,0,0,15,13,3,0,0,0,13,515,167,107,0,0,782,9,0,0,0,0,9,49,6,0,0,0,51,2678,196,126,0,0,2999
POA4503,2580,359,0,119,4,3063,5428,256,7,5,7,5714,2540,1778,48,0,25,4390,236,122,0,0,0,366,553,276,12,6,0,851,4,69,0,0,0,74,78,63,3,55,0,196,31,21,0,0,3,58,3453,2329,60,64,32,5934,37,131,0,4,0,168,197,98,0,20,3,316,11694,3173,67,216,51,15195
POA4504,1023,11,0,0,4,1040,3024,41,0,0,0,3068,1008,90,0,0,0,1105,17,0,0,0,0,16,187,17,0,0,0,205,3,0,0,0,0,3,10,0,0,0,0,10,5,0,0,0,0,6,1236,112,0,0,0,1342,17,0,0,0,0,17,81,0,0,0,0,82,5380,161,0,3,4,5554
POA4505,2348,38,0,3,3,2396,2836,60,3,0,3,2901,693,340,0,0,3,1037,43,19,0,0,0,67,240,27,0,0,0,263,11,3,0,0,0,16,66,0,0,0,0,66,30,0,0,0,0,28,1083,391,0,0,7,1478,53,0,0,0,0,54,137,17,0,0,0,154,6453,500,6,6,12,6973
POA4506,1418,54,3,4,0,1484,2399,47,3,3,0,2453,1892,410,18,0,12,2332,104,55,11,0,0,165,313,61,3,0,0,380,3,13,3,0,0,19,31,19,3,0,0,48,13,4,0,0,0,14,2348,555,39,0,12,2957,22,0,0,0,0,23,124,19,3,0,7,147,6311,678,44,6,17,7065
POA4507,3050,534,108,204,3,3896,1359,131,58,10,7,1553,729,322,230,3,0,1291,84,140,26,0,0,247,294,120,71,3,3,492,3,85,6,4,0,95,24,14,4,31,0,78,27,13,9,0,0,43,1157,696,347,46,5,2253,23,88,3,5,0,113,165,58,17,24,3,269,5755,1509,533,285,20,8097
POA4508,1501,59,16,17,3,1589,2101,81,27,0,0,2210,1272,275,99,0,13,1655,348,35,63,0,0,443,325,62,15,3,3,407,12,12,3,0,0,33,47,24,3,61,3,140,32,5,0,0,0,43,2035,407,187,70,24,2727,22,0,6,0,0,31,163,21,6,5,0,200,5822,568,244,95,30,6761
POA4509,1171,134,83,0,5,1400,3652,75,15,0,3,3742,2524,776,75,0,3,3378,39,22,0,0,0,64,252,102,19,0,0,376,10,20,8,0,0,32,142,36,0,0,0,180,14,3,0,0,0,17,2977,960,106,0,4,4043,14,111,47,0,0,166,115,27,16,0,0,166,7927,1307,266,0,15,9512
POA4510,3450,255,127,79,12,3922,4904,134,18,4,13,5068,3464,1165,197,0,16,4845,350,305,72,0,0,732,815,141,108,3,12,1077,31,25,64,0,0,120,85,31,63,37,7,211,58,14,18,0,0,92,4811,1674,512,41,32,7075,47,54,78,4,3,182,301,91,74,6,4,473,13511,2212,815,129,63,16731
POA4511,1078,153,15,129,0,1377,1026,19,4,4,0,1058,528,46,14,0,0,590,13,0,0,0,0,13,140,21,4,0,0,168,11,4,0,0,0,13,14,0,0,17,0,30,9,0,0,0,0,16,719,78,15,17,0,827,11,0,0,0,0,11,59,9,0,8,0,75,2897,262,31,154,3,3347
POA4512,334,0,0,0,0,336,514,0,0,0,0,514,50,0,0,0,0,49,0,0,0,0,0,0,71,0,0,0,3,76,0,0,0,0,0,0,8,0,0,0,0,8,10,0,0,0,0,5,136,0,0,0,3,143,7,0,0,0,0,7,28,0,0,0,6,34,1023,0,0,3,13,1032
POA4514,711,0,3,25,5,746,927,0,0,7,5,939,198,0,0,3,3,205,4,0,0,0,0,4,157,0,0,3,0,165,3,0,0,0,0,3,15,0,0,3,3,17,20,0,0,0,0,23,393,0,0,9,3,412,11,0,0,6,0,10,41,0,3,3,0,41,2081,7,12,44,12,2150
POA4515,529,0,0,9,0,534,464,0,0,0,5,473,182,23,0,0,0,214,0,0,0,0,0,0,120,4,0,0,3,127,3,0,0,0,0,3,22,0,0,6,0,31,13,0,0,0,0,15,335,27,4,12,4,378,10,0,0,0,0,12,47,5,0,0,0,52,1389,31,8,20,10,1455
POA4516,342,0,0,0,0,342,641,3,0,0,0,648,64,0,0,0,0,66,0,0,0,0,0,0,47,0,0,3,0,48,0,0,0,0,0,0,10,0,0,0,0,10,0,0,0,0,0,4,122,0,0,8,0,127,8,0,0,0,0,9,20,0,0,4,0,20,1129,4,0,15,4,1146
POA4517,101,0,0,0,0,98,111,9,0,0,0,121,11,0,0,0,0,11,10,0,0,0,0,10,14,0,0,0,0,9,0,0,0,0,0,0,9,0,0,0,0,12,0,0,0,0,0,0,36,4,0,0,0,37,0,0,0,0,0,0,9,0,0,0,0,11,261,10,0,3,0,274
POA4518,622,0,0,5,0,631,755,0,0,4,0,759,156,0,3,0,0,164,3,0,0,0,0,3,103,0,0,0,0,101,0,0,0,0,0,0,16,0,0,3,0,18,14,0,0,0,0,14,296,0,5,3,0,298,3,0,0,0,0,3,48,0,0,0,0,48,1722,0,4,12,3,1737
POA4519,826,38,5,36,0,903,1085,25,4,0,3,1119,317,144,9,0,3,470,37,16,15,0,0,71,208,19,0,4,4,229,5,0,0,0,0,3,30,0,0,3,0,30,13,5,0,0,0,17,610,179,20,3,4,819,11,10,0,0,0,21,48,7,0,3,0,62,2576,255,36,45,12,2923
POA4520,1504,3,0,4,8,1522,2085,3,0,6,12,2106,162,0,0,0,0,166,0,0,0,0,0,0,142,0,0,0,3,145,3,0,0,0,0,3,4,0,0,0,0,4,9,0,0,0,0,12,321,0,0,0,4,328,11,20,0,0,0,37,49,0,0,0,3,53,3983,28,3,13,22,4039
POA4521,496,0,3,11,3,509,789,0,4,0,0,796,81,0,0,3,0,83,0,0,0,0,0,0,81,0,3,0,4,80,0,0,0,0,0,0,4,0,0,0,0,9,11,0,0,0,0,11,182,0,5,3,4,189,16,0,0,0,0,15,35,0,0,0,0,30,1508,0,9,15,9,1540
POA4550,440,0,3,43,3,493,599,3,0,3,0,612,150,25,6,0,0,184,8,6,12,0,0,26,105,4,6,4,0,123,3,0,0,0,0,3,7,0,0,11,0,21,12,4,0,0,0,16,288,38,19,17,0,369,4,0,0,0,0,4,26,3,6,0,0,40,1360,50,29,66,7,1511
POA4551,5445,1063,906,276,59,7757,5554,381,379,14,22,6344,2568,759,1038,9,10,4378,180,159,215,0,0,555,772,213,297,8,14,1309,25,29,42,0,0,95,62,42,26,82,3,211,46,13,14,0,0,78,3642,1214,1635,98,32,6628,71,168,16,3,6,261,259,100,93,22,20,493,14976,2929,3034,417,136,21487
POA4552,1656,29,10,13,8,1718,891,13,9,7,6,930,276,29,0,3,0,307,8,5,0,0,0,16,220,3,9,13,3,250,3,4,0,0,0,8,26,0,0,3,3,32,30,0,0,4,0,37,568,42,9,27,5,652,36,3,0,3,0,45,58,3,0,0,3,65,3216,94,27,51,27,3414
POA4553,553,8,0,3,4,566,956,0,0,4,0,963,149,0,0,0,0,154,0,0,0,0,0,0,118,0,5,0,3,128,0,0,0,0,0,0,6,0,0,0,0,7,8,0,0,0,0,8,278,0,4,4,3,298,16,19,0,0,0,34,33,0,0,0,0,33,1836,28,6,11,14,1895
POA4554,199,0,0,0,3,205,294,0,0,0,0,294,32,0,0,0,0,35,0,0,0,0,0,0,48,0,0,0,0,48,0,0,0,0,0,0,4,0,0,0,0,4,8,0,0,0,0,8,96,0,0,0,0,98,0,0,0,0,0,0,12,0,0,0,0,12,604,0,0,0,3,604
POA4555,754,18,9,25,0,805,995,9,0,0,6,1010,200,12,0,0,0,213,18,5,0,0,0,18,128,3,3,0,5,147,3,3,0,0,0,8,12,0,0,22,3,36,11,0,0,0,0,11,365,26,3,20,13,428,8,35,5,0,0,48,31,3,0,3,3,40,2153,91,16,53,19,2329
POA4556,3759,968,220,50,12,5007,5029,227,92,0,17,5375,1678,443,456,0,8,2582,53,72,66,0,0,182,553,118,97,3,10,785,19,44,12,0,0,73,40,37,13,16,3,114,43,10,0,0,0,62,2390,713,642,26,26,3794,226,657,31,0,0,915,232,151,33,8,10,436,11639,2723,1020,83,60,15533
POA4557,1224,122,299,34,10,1691,1749,107,296,7,6,2163,957,182,906,0,7,2054,27,36,178,0,0,239,229,47,196,0,5,470,0,4,4,0,0,5,10,3,19,5,0,33,15,3,11,0,0,24,1239,271,1309,6,10,2832,6,0,3,0,0,18,90,30,81,4,0,199,4303,522,1988,51,31,6901
POA4558,1156,471,597,150,16,2394,1058,368,347,7,0,1792,544,648,1055,6,18,2265,50,158,171,0,3,385,247,176,311,11,5,745,6,15,10,0,0,34,18,16,29,28,0,93,18,13,21,0,0,53,881,1027,1599,50,31,3578,64,40,7,0,4,113,97,74,111,18,12,304,3255,1982,2659,226,63,8177
POA4559,688,14,0,85,7,787,856,4,3,0,0,864,138,28,0,8,0,170,5,7,0,0,0,6,117,4,5,13,0,140,3,0,0,0,0,3,11,3,3,43,0,62,9,0,0,3,0,11,283,39,9,66,0,396,8,0,0,3,0,10,38,0,0,9,0,47,1875,52,12,158,8,2107
POA4560,3448,373,43,60,18,3952,4048,138,41,16,14,4270,1098,316,264,3,9,1688,117,110,95,0,0,321,572,53,77,8,9,721,19,19,46,0,0,84,40,12,7,97,3,164,41,4,12,3,0,54,1886,514,495,113,22,3029,71,117,13,0,3,206,224,36,27,11,8,307,9678,1173,620,207,71,11750
POA4561,753,10,3,15,6,789,1063,21,3,3,9,1090,173,24,29,0,3,229,5,11,24,0,0,39,139,0,3,0,0,147,0,0,0,0,0,4,10,0,0,35,0,45,4,0,0,6,0,12,335,32,50,40,5,470,12,0,0,0,0,9,40,0,3,7,3,56,2199,60,63,65,29,2421
POA4562,1000,5,0,3,9,1023,1187,3,4,0,4,1203,207,0,0,0,3,213,0,0,0,0,0,0,146,0,0,3,8,159,0,0,0,0,0,0,12,0,0,0,0,12,13,0,0,0,0,18,386,6,3,3,12,404,17,0,0,0,0,17,52,0,0,0,3,57,2645,15,3,11,27,2698
POA4563,1264,9,18,15,5,1316,1110,6,18,4,6,1139,249,9,26,0,0,285,31,3,11,0,0,47,161,3,11,3,0,181,3,0,0,0,0,3,15,0,0,9,0,23,18,0,0,3,0,21,471,13,60,12,3,558,17,0,0,0,0,15,75,3,0,0,3,83,2937,35,97,36,13,3116
POA4564,865,182,158,22,0,1227,1021,185,114,3,0,1324,391,339,290,0,0,1019,3,6,3,0,0,15,163,104,93,0,0,365,0,0,5,0,0,4,14,18,11,3,0,41,8,4,5,0,0,15,577,471,406,4,3,1457,21,47,3,0,0,73,37,14,16,0,5,80,2518,893,703,27,7,4150
POA4565,1798,256,42,23,10,2122,1639,56,18,11,7,1722,646,87,66,0,5,799,90,3,74,0,0,166,280,53,17,3,7,368,3,3,0,0,0,9,21,3,4,9,7,47,27,9,0,0,3,42,1064,155,166,19,21,1421,26,106,5,0,0,134,129,28,11,3,10,181,4653,608,230,49,43,5587
POA4566,943,376,121,8,3,1453,593,130,54,0,12,791,301,193,120,4,6,619,19,6,11,0,0,36,103,77,55,0,3,239,3,3,0,0,0,3,10,10,3,0,0,24,8,5,0,0,0,20,445,289,186,4,11,935,48,78,13,0,0,136,42,30,17,3,4,97,2071,907,385,13,32,3408
POA4567,1266,140,157,0,7,1577,1012,134,113,0,12,1273,421,219,244,0,5,889,20,21,28,0,0,74,173,70,66,0,7,314,3,0,0,0,0,7,15,4,3,0,4,19,7,3,6,0,0,16,636,317,347,0,17,1319,15,3,4,0,0,19,59,27,10,0,4,99,2987,620,635,0,37,4281
POA4568,488,3,0,17,3,512,529,0,0,4,0,541,100,0,0,3,0,99,0,0,0,0,0,0,89,3,4,0,3,96,0,0,0,0,0,0,5,0,0,4,0,7,3,0,0,0,0,5,192,3,8,7,3,217,9,0,0,0,0,13,15,0,0,0,0,19,1241,9,6,29,14,1302
POA4569,203,0,0,0,0,203,274,0,0,0,0,276,52,0,0,0,0,52,3,0,0,0,0,3,42,0,0,0,0,43,0,0,0,0,0,0,3,0,0,0,0,3,3,0,0,0,0,3,102,0,0,0,0,106,0,0,0,0,0,0,15,0,0,0,0,15,598,0,0,3,0,600
POA4570,5642,41,20,147,29,5875,5087,24,8,43,16,5183,1795,231,101,11,9,2151,125,109,32,0,3,267,1161,69,56,21,15,1321,18,30,30,0,0,80,124,16,19,24,8,191,91,3,4,4,0,108,3314,467,238,61,35,4114,82,3,19,0,0,106,374,33,17,21,10,450,14503,567,302,268,90,15729
POA4571,134,0,0,3,0,136,106,0,0,0,0,109,20,0,0,0,0,20,0,0,0,0,0,0,20,0,0,0,0,25,0,0,0,0,0,0,3,0,0,0,0,3,0,0,0,0,0,0,50,0,0,0,0,51,0,0,0,0,0,0,3,0,0,0,0,3,289,0,0,3,0,296
POA4572,225,27,176,15,0,440,221,33,130,0,3,383,75,36,332,0,3,453,0,3,17,0,0,18,35,18,103,0,0,153,3,0,0,0,0,0,0,6,13,3,0,29,4,0,3,0,0,4,119,60,474,3,6,664,3,0,23,3,0,23,18,3,27,3,0,48,581,126,823,29,13,1566
POA4573,2171,375,148,19,9,2719,2821,238,108,0,12,3176,1413,521,329,4,27,2285,67,57,33,0,0,163,375,144,96,0,10,615,5,8,0,0,0,15,26,7,13,3,0,50,32,12,4,3,0,53,1910,754,478,12,36,3188,28,28,3,0,0,59,124,42,19,4,8,190,7048,1427,757,36,58,9333
POA4574,210,0,0,12,0,218,154,0,0,3,0,155,45,0,0,0,0,47,3,0,0,0,0,4,47,0,0,0,0,42,0,0,3,0,0,3,10,0,0,0,0,13,7,0,0,0,0,9,109,0,9,0,5,123,8,0,0,0,0,5,6,0,0,0,0,10,487,0,12,10,5,512
POA4575,2205,644,252,33,0,3135,2278,166,100,0,3,2555,1302,260,534,3,0,2106,87,52,44,0,3,187,390,112,167,0,0,668,0,15,4,0,0,19,19,9,15,3,0,44,27,9,14,0,0,53,1836,455,772,4,5,3075,24,40,32,0,0,92,114,37,23,3,0,178,6456,1343,1191,38,14,9040
POA4580,902,32,8,89,3,1037,387,3,0,11,0,402,317,56,10,17,3,405,15,9,0,0,0,26,106,23,0,6,0,132,0,0,0,0,0,0,4,0,3,10,0,22,8,4,0,0,0,13,451,98,14,32,3,601,5,10,0,0,0,18,60,5,3,6,0,71,1809,150,24,144,3,2133
POA4581,184,9,12,23,0,233,66,6,7,7,0,88,64,36,30,3,0,130,0,0,0,0,0,0,19,12,11,3,0,40,0,0,0,0,0,0,17,0,3,10,0,27,4,0,3,3,0,11,98,54,48,17,0,211,3,0,0,0,0,5,5,0,0,0,3,13,360,72,67,47,3,551
POA4600,168,0,0,10,0,174,108,0,0,3,0,112,11,0,0,0,0,13,0,0,3,0,0,8,33,0,3,4,0,40,0,0,0,0,0,0,7,0,3,0,0,13,3,0,0,0,0,3,61,4,11,3,0,79,4,0,0,0,0,4,16,0,0,0,0,22,349,4,12,17,0,383
POA4601,183,0,3,10,0,194,108,0,0,0,0,108,36,0,3,0,0,36,0,0,9,0,0,4,44,0,4,0,0,49,0,0,0,0,0,0,18,0,0,0,0,18,8,0,0,0,0,8,105,0,13,0,0,120,3,0,0,0,0,3,8,0,3,0,0,14,415,0,20,12,0,440
POA4605,506,0,0,5,0,516,343,0,4,3,0,349,188,4,10,0,0,203,259,9,14,0,3,289,90,0,3,0,0,95,27,0,8,0,0,34,30,0,8,3,0,37,22,0,3,0,0,23,616,16,46,3,3,687,9,0,0,3,0,7,35,0,3,0,0,43,1503,16,55,20,3,1597
POA4606,376,3,0,6,0,399,254,4,0,3,3,263,111,21,8,0,0,142,14,0,0,0,0,22,49,0,3,0,0,57,3,14,0,0,0,13,15,0,0,0,0,15,5,3,0,0,0,10,200,34,16,5,0,260,3,0,0,0,0,3,23,3,0,0,0,28,865,45,19,16,4,951
POA4608,149,0,0,4,0,154,95,0,0,3,0,100,41,0,0,0,0,41,0,0,0,0,0,0,24,0,0,0,0,22,0,0,0,0,0,0,3,0,0,0,0,3,7,0,0,0,0,8,70,0,0,3,0,71,4,0,0,0,0,4,8,0,0,0,0,7,323,0,0,15,3,339
POA4610,1891,19,22,37,3,1971,1545,16,6,8,6,1586,867,130,161,0,3,1159,51,27,35,0,0,116,339,8,15,9,0,373,18,3,12,0,0,29,58,4,10,3,0,80,47,0,3,3,3,53,1380,168,236,17,11,1811,46,0,0,0,0,46,130,10,11,6,0,165,4997,211,281,71,16,5577
POA4611,12,0,0,0,0,12,20,0,0,0,0,20,0,0,0,0,0,0,0,0,0,0,0,0,5,0,0,0,0,5,0,0,0,0,0,0,0,0,0,0,0,0,0,0,0,0,0,0,6,0,0,0,0,6,0,0,0,0,0,0,3,0,0,0,0,3,37,0,0,0,0,37
POA4612,44,0,0,0,0,46,30,0,0,0,0,30,4,0,0,0,0,4,0,0,0,0,0,0,6,0,0,0,0,13,0,0,0,0,0,0,3,0,0,0,0,3,0,0,0,0,0,0,17,0,0,0,3,16,0,0,0,0,0,0,3,0,0,0,0,3,94,0,0,0,4,102
POA4613,180,0,0,12,0,189,69,0,0,0,0,71,18,0,0,0,0,13,0,0,0,0,0,0,33,0,0,3,0,36,0,0,0,0,0,3,15,0,0,0,0,19,6,0,0,0,3,8,68,0,3,3,0,74,0,0,0,0,0,0,11,0,0,3,0,15,329,0,3,13,3,349
POA4614,210,0,0,9,0,219,112,0,0,0,0,113,40,0,5,0,0,52,3,0,5,0,0,6,46,0,0,3,0,48,0,0,0,0,0,0,7,3,0,0,0,10,4,0,0,0,0,4,108,3,9,4,0,128,0,0,0,0,0,0,20,0,0,0,0,20,446,3,12,16,0,476
POA4615,1105,0,0,22,4,1130,786,3,0,4,3,793,302,21,29,0,3,358,19,19,3,0,0,38,185,4,0,0,3,193,0,0,11,0,0,11,23,3,4,20,0,47,19,0,4,0,0,23,552,43,56,21,4,679,25,0,0,0,0,24,82,4,0,8,0,95,2545,53,53,53,12,2722
POA4620,93,0,0,0,0,93,45,0,0,0,0,45,0,0,0,0,0,0,0,0,0,0,0,0,12,0,0,0,0,12,0,0,0,0,0,0,0,0,0,0,0,0,4,0,0,0,0,4,17,0,0,0,0,17,0,0,0,0,0,0,0,0,0,0,0,0,150,0,0,0,0,151
POA4621,359,0,0,18,0,378,171,0,0,0,0,174,30,0,0,0,0,30,7,9,0,0,0,12,51,0,3,0,0,54,0,0,0,0,0,0,17,0,0,0,0,18,9,0,0,0,0,12,114,7,3,3,0,129,10,0,0,0,0,10,22,3,0,0,0,28,686,7,3,23,3,717
POA4625,361,0,0,24,3,391,254,0,0,8,0,262,98,5,8,0,0,112,18,6,9,0,0,35,92,0,3,4,3,97,3,0,0,0,0,3,48,0,0,11,0,59,17,0,0,0,0,21,268,15,18,15,3,320,10,0,0,0,0,5,29,0,0,0,0,36,918,15,20,46,10,1012
POA4626,302,0,0,11,0,313,174,0,3,3,0,183,65,0,12,0,0,79,8,0,0,0,0,8,74,0,5,0,3,79,4,0,7,0,0,10,38,0,3,32,0,80,3,0,0,4,0,6,196,0,27,42,3,262,5,0,0,0,0,6,21,0,14,18,3,52,697,0,36,77,4,819
POA4627,107,0,0,13,3,126,56,0,0,3,0,63,9,0,3,0,0,14,13,0,3,0,0,22,22,0,0,3,0,28,3,0,8,0,0,11,21,0,4,3,0,24,7,0,0,0,0,10,72,0,20,7,0,98,0,0,0,0,0,3,13,0,0,4,0,13,249,0,22,25,3,303
POA4630,412,0,0,9,0,426,210,0,0,0,0,217,59,0,0,0,0,54,17,0,0,0,0,12,94,0,0,0,0,97,3,0,0,0,0,3,33,0,0,0,0,34,20,0,0,0,0,20,223,0,0,0,0,226,16,0,0,0,0,16,32,0,0,0,0,30,886,0,4,10,8,909
POA4650,4898,99,35,115,23,5164,3587,24,12,5,42,3663,1346,180,150,8,0,1686,175,175,74,0,0,424,895,56,56,3,12,1025,17,52,10,0,0,79,101,15,10,54,0,183,74,10,3,5,0,97,2616,486,301,72,20,3491,63,29,4,0,0,97,327,47,24,18,9,421,11482,679,367,212,91,12837
POA4655,8119,473,187,288,41,9112,5472,185,49,36,28,5768,3160,921,334,8,29,4447,219,352,19,0,0,590,1132,217,68,15,19,1453,35,48,15,0,0,101,112,38,20,116,11,298,71,22,8,0,6,109,4731,1595,466,143,63,6998,191,108,75,6,6,379,453,90,50,32,67,695,18969,2455,819,498,206,22947
POA4659,896,6,0,90,4,1003,444,0,4,9,0,460,187,13,15,3,0,209,5,10,0,0,0,15,112,0,3,5,0,120,0,13,0,0,0,11,10,0,0,14,0,23,21,0,0,3,0,22,340,30,16,18,0,410,8,0,0,0,0,13,65,3,0,8,0,77,1747,46,20,135,8,1953
POA4660,1288,13,0,49,8,1349,705,0,0,3,3,715,250,14,9,3,4,282,3,9,0,0,0,5,160,7,9,7,0,175,0,14,0,0,0,14,52,5,0,9,0,63,28,4,0,0,0,35,489,48,13,17,3,572,21,3,0,0,0,33,76,10,7,4,0,92,2581,67,21,77,16,2764
POA4662,104,0,0,4,3,114,71,0,0,6,0,79,27,0,0,0,0,27,0,0,0,0,0,0,20,0,0,0,0,23,0,0,3,0,0,3,3,0,0,0,0,3,5,0,0,0,0,5,54,0,3,5,0,63,0,0,0,0,0,0,12,0,0,0,0,9,243,0,4,16,4,262
POA4670,9724,569,243,310,21,10872,8360,123,133,11,21,8647,3757,666,731,12,14,5187,423,373,192,0,3,992,1913,177,224,23,14,2354,41,50,74,0,0,156,215,43,43,100,12,411,133,21,24,9,3,188,6487,1326,1288,137,53,9288,250,114,32,4,4,400,663,129,68,36,27,925,25481,2260,1759,497,130,30132
POA4671,938,0,4,42,3,991,715,0,3,26,4,745,138,0,8,0,0,154,7,0,14,0,0,14,185,0,0,7,0,200,0,0,3,0,0,5,40,0,5,3,0,49,22,0,0,3,0,30,398,3,36,11,5,449,8,0,0,0,0,12,76,0,4,10,0,87,2138,3,44,91,18,2287
POA4673,111,0,0,14,0,122,82,0,0,0,0,81,3,0,0,0,0,3,0,0,0,0,0,0,25,0,0,0,0,25,0,0,0,0,0,0,3,0,0,0,0,3,3,0,0,0,0,0,37,0,0,0,0,34,3,0,0,0,0,3,3,0,0,4,0,6,230,0,0,22,0,247
POA4674,283,0,0,16,0,299,162,0,0,6,0,164,7,0,0,0,0,7,0,0,0,0,0,0,46,0,0,0,0,46,0,0,0,0,0,0,12,0,0,0,0,16,4,0,0,0,0,6,73,0,0,0,0,81,6,0,0,0,0,6,22,0,0,0,0,24,544,0,0,28,3,578
POA4676,29,0,0,0,0,29,18,0,0,0,0,18,0,0,0,0,0,0,0,0,0,0,0,0,5,0,0,0,0,4,0,0,0,0,0,0,0,0,0,0,0,0,6,0,0,0,0,6,12,0,0,0,0,12,0,0,0,0,0,0,0,0,0,0,0,0,65,0,0,0,0,64
POA4677,440,0,13,31,9,480,454,0,8,14,7,479,126,3,18,0,8,160,3,0,13,0,0,18,85,0,4,0,3,95,0,0,0,0,0,0,17,0,7,3,0,28,13,0,0,3,3,17,251,3,37,9,14,315,8,0,0,0,0,9,38,0,0,3,3,41,1178,4,56,50,32,1329
POA4678,150,0,0,0,0,154,128,0,0,4,0,129,12,0,3,0,0,18,0,0,0,0,0,0,23,0,0,0,0,23,0,0,0,0,0,0,3,0,0,0,0,3,0,0,0,0,0,0,44,0,3,0,0,45,3,0,0,0,0,3,13,0,0,0,0,12,332,0,3,10,0,346
POA4680,3728,45,75,165,4,4027,6948,96,83,13,12,7153,3356,586,751,3,8,4707,402,113,169,5,0,683,878,45,58,5,4,991,50,43,19,0,0,112,222,23,34,44,8,334,67,8,12,0,0,88,4987,818,1052,51,16,6920,53,0,17,4,0,79,279,22,56,18,3,377,15993,980,1281,259,32,18548
POA4694,11,0,0,0,0,16,21,0,0,0,0,21,21,0,0,0,0,20,7,0,0,0,0,7,3,0,0,0,0,3,0,0,0,0,0,0,0,0,0,0,0,0,3,0,0,0,0,3,32,0,0,0,0,35,0,0,0,0,0,0,0,0,0,0,0,0,64,0,0,0,3,64
POA4695,147,0,0,3,0,153,149,0,0,0,0,148,11,0,0,0,0,11,0,0,0,0,0,0,43,0,0,0,0,43,0,0,0,0,0,0,8,0,0,0,0,8,10,0,0,0,0,12,73,0,0,0,4,77,3,0,0,0,0,3,11,0,0,0,0,11,387,0,0,5,4,394
POA4697,17,0,0,0,0,18,20,0,0,0,0,20,5,0,0,0,0,5,0,0,0,0,0,0,6,0,0,0,0,6,0,0,0,0,0,0,0,0,0,0,0,0,3,0,0,0,0,3,11,0,0,0,0,11,0,0,0,0,0,0,0,0,0,0,0,0,56,0,0,0,0,52
POA4699,60,0,0,0,0,65,62,0,0,0,0,62,0,0,0,0,0,0,0,0,0,0,0,0,20,0,0,0,0,20,0,0,0,0,0,0,3,0,0,0,0,3,5,0,0,0,0,5,27,0,0,0,0,27,3,0,0,0,0,3,6,0,0,0,0,6,151,0,0,3,0,155
POA4700,1655,74,58,18,8,1820,1862,39,47,4,4,1953,825,125,209,3,6,1168,90,97,91,0,8,277,480,38,60,3,6,592,17,17,19,0,0,56,54,7,10,3,7,80,37,4,7,0,3,52,1502,288,390,11,33,2220,27,31,3,0,6,63,145,31,26,4,32,238,5183,466,524,35,86,6289
POA4701,4273,126,44,24,9,4478,5292,78,33,5,7,5413,1726,627,304,3,3,2661,476,192,46,0,0,716,1008,131,84,0,3,1220,35,104,29,0,0,166,98,23,15,3,0,137,63,13,8,0,0,90,3398,1087,486,9,12,4993,47,49,6,0,0,107,334,63,28,7,7,427,13342,1406,600,43,35,15416
POA4702,2764,17,6,183,51,3010,3173,11,0,32,17,3237,1470,37,21,7,4,1542,89,0,9,3,0,105,634,6,3,8,6,660,21,10,7,0,0,37,220,10,9,36,10,282,123,7,4,13,3,141,2554,75,50,68,28,2769,131,6,0,24,5,167,252,4,3,27,8,292,8874,103,59,330,104,9476
POA4703,2289,81,129,147,5,2652,2637,42,60,18,12,2768,987,162,232,0,8,1383,53,41,66,0,0,167,462,28,58,9,5,565,10,31,24,0,3,74,43,3,5,38,8,96,29,7,3,7,0,45,1581,270,396,51,21,2325,47,4,57,3,4,114,156,7,35,27,52,270,6705,404,673,247,97,8129
POA4704,16,0,0,0,0,18,24,0,0,0,0,27,3,0,0,0,0,3,0,0,0,0,0,0,3,0,0,0,0,3,0,0,0,0,0,0,0,0,0,0,0,0,0,0,0,0,0,0,5,0,0,0,0,5,0,0,0,0,0,0,0,0,0,0,0,0,51,0,0,3,0,53
POA4705,45,0,0,3,0,49,16,0,0,0,0,16,0,0,0,0,0,0,0,0,0,0,0,0,19,0,0,0,0,19,4,0,0,0,0,4,16,0,0,0,0,23,5,0,0,0,0,5,46,0,0,0,0,46,4,0,0,0,0,4,3,0,0,3,0,9,110,0,0,6,3,121
POA4706,16,0,0,0,0,16,10,0,0,0,0,10,0,0,0,0,0,0,0,0,0,0,0,0,3,0,0,0,0,3,0,0,0,0,0,0,5,0,0,0,0,5,0,0,0,0,0,0,3,0,0,0,0,9,3,0,0,0,0,3,0,0,0,0,0,0,32,0,0,0,0,36
POA4707,46,0,0,6,0,52,24,0,0,0,0,21,0,0,0,0,0,0,0,0,0,0,0,0,4,0,0,0,0,4,0,0,0,0,0,0,16,0,0,0,0,16,6,0,0,0,0,6,24,0,0,0,0,24,5,0,0,0,0,3,3,0,0,0,0,3,106,0,0,4,0,113
POA4709,3,0,0,0,0,3,0,0,0,0,0,0,3,0,0,0,0,3,0,0,0,0,0,0,3,0,0,0,0,3,5,0,0,0,0,5,248,0,5,0,0,249,6,0,0,0,0,6,261,0,5,0,0,268,0,0,0,0,0,3,6,0,0,0,0,6,271,0,5,3,0,283
POA4710,540,16,3,21,3,579,465,3,11,3,0,480,400,11,31,0,0,441,8,9,0,0,0,15,101,7,9,0,0,124,5,12,3,0,0,18,12,4,3,3,0,17,8,0,3,0,0,10,538,44,52,3,0,636,12,11,0,0,0,22,36,6,0,0,37,83,1587,82,59,29,40,1798
POA4711,193,0,0,0,0,198,308,0,0,0,3,314,9,0,0,0,0,13,0,0,0,0,0,0,17,0,0,0,0,17,0,0,0,0,0,0,3,0,0,0,0,3,0,0,0,0,0,0,28,0,0,0,0,30,0,0,0,0,0,0,3,0,0,0,0,3,539,0,0,3,3,544
POA4712,39,0,0,3,0,43,8,0,0,0,0,11,0,0,0,0,0,0,0,0,0,0,0,3,9,0,0,0,0,12,0,0,4,0,0,4,25,0,0,0,0,30,4,0,0,0,0,4,39,0,3,0,3,44,0,0,0,0,0,0,0,0,3,0,0,10,94,0,8,4,7,109
POA4713,0,0,0,0,0,0,0,0,0,0,0,0,0,0,0,0,0,0,180,27,3,0,0,210,0,0,0,0,0,0,3,0,0,0,0,9,11,0,0,0,0,18,3,0,0,0,0,3,204,27,0,0,0,236,0,0,0,0,0,0,6,0,0,0,0,11,209,32,0,0,0,245
POA4714,537,3,0,17,0,558,290,3,0,5,0,296,129,0,11,0,0,138,6,0,3,0,0,10,102,0,0,0,0,110,10,0,3,0,0,17,18,0,0,8,0,29,6,0,0,0,0,6,272,3,21,12,0,312,7,0,0,3,0,7,42,0,0,0,0,43,1143,5,24,45,3,1219
POA4715,673,5,7,15,0,694,785,0,3,0,0,788,277,18,58,0,3,353,113,0,19,0,0,131,178,3,8,0,0,190,5,0,0,0,0,7,77,3,34,15,0,133,22,0,0,0,0,21,669,21,125,16,3,837,14,0,0,0,0,13,61,0,12,5,0,81,2196,27,142,34,7,2415
POA4716,127,0,0,3,0,133,103,0,0,0,0,106,14,0,0,0,0,14,7,0,0,0,0,7,39,0,3,0,0,42,0,0,0,0,0,0,4,0,0,0,0,6,8,0,0,0,0,7,63,0,3,3,0,74,5,0,0,0,0,5,10,0,0,0,0,11,310,0,7,8,0,322
POA4717,141,0,0,0,0,149,285,0,3,0,0,284,371,6,30,0,3,406,68,0,4,0,0,73,83,0,8,3,0,95,6,0,0,0,0,6,342,0,32,3,0,382,11,0,3,0,0,14,882,10,77,7,4,974,3,0,0,0,0,8,37,0,0,0,0,38,1343,10,82,13,3,1454
POA4718,222,0,0,3,0,228,166,0,0,0,0,169,105,4,3,0,0,110,30,4,6,0,0,34,62,0,0,0,0,65,0,0,0,0,3,7,94,8,9,0,4,111,20,0,0,0,0,20,307,17,13,0,7,351,10,0,0,0,0,10,22,0,0,0,3,26,729,22,13,6,12,782
POA4719,136,0,0,8,0,144,67,0,0,0,0,67,7,0,0,0,0,7,7,0,0,0,0,7,53,0,0,0,0,56,8,6,0,0,0,9,37,0,4,0,0,45,12,0,0,0,0,18,126,6,4,6,0,142,6,0,0,0,0,10,16,0,0,8,0,24,353,8,4,19,3,388
POA4720,620,3,9,20,12,660,1606,43,28,14,8,1688,795,184,194,0,6,1175,76,4,43,0,0,127,275,31,37,5,3,353,8,0,5,0,0,21,214,28,38,4,6,299,32,0,0,0,0,34,1396,252,320,11,26,2005,24,0,0,3,0,25,85,7,10,3,3,112,3722,304,371,45,46,4500
POA4721,344,0,3,26,5,379,286,0,3,3,3,295,86,0,31,0,0,120,13,0,10,0,0,27,82,0,0,3,0,83,3,0,4,0,0,3,172,3,10,4,3,188,24,0,0,0,0,33,378,6,60,9,3,450,26,0,0,3,0,29,41,0,7,4,0,52,1074,11,68,38,18,1209
POA4722,158,0,0,4,62,220,99,0,0,0,42,138,11,0,0,0,16,23,4,0,0,0,16,17,32,0,0,0,14,45,0,0,0,0,0,3,36,0,0,0,32,67,18,0,0,0,10,27,104,0,3,3,79,185,3,0,0,0,0,7,12,0,0,0,7,17,381,0,3,9,183,574
POA4723,109,0,0,3,0,114,141,0,3,3,0,146,47,0,3,0,0,53,7,0,9,0,0,19,36,0,0,0,0,36,0,0,0,0,0,0,37,0,16,4,3,54,9,0,0,0,0,11,139,0,26,5,4,176,5,0,0,0,0,5,17,0,0,0,0,17,408,0,31,10,4,458
POA4724,92,0,0,3,4,100,33,0,0,0,0,29,3,0,0,0,0,3,4,0,0,0,0,6,11,0,0,0,0,14,0,0,0,0,0,0,35,0,3,0,0,44,9,0,0,0,0,9,65,0,5,0,0,70,6,0,0,0,0,6,5,0,0,0,0,5,205,0,5,4,10,215
POA4725,232,0,0,16,6,255,127,0,0,3,0,132,34,0,3,0,0,33,19,0,4,0,0,25,39,0,0,0,0,41,4,0,0,0,0,4,51,0,3,0,0,55,13,0,0,0,0,13,153,0,14,0,3,167,6,0,0,0,0,3,17,0,0,0,0,18,533,0,14,21,13,584
POA4726,72,0,0,4,0,79,29,0,0,0,0,29,0,0,0,0,0,0,12,0,0,0,0,12,16,0,0,0,0,16,0,0,0,0,0,0,19,0,0,0,0,16,3,0,0,0,0,3,48,0,0,0,0,46,3,0,0,0,0,3,4,0,0,0,0,6,155,0,0,3,3,160
POA4727,27,0,0,3,0,29,32,0,0,0,0,38,6,0,0,0,0,11,0,0,0,0,0,0,4,0,0,0,0,4,0,0,0,0,0,0,3,0,0,0,0,7,6,0,0,0,0,6,19,0,0,0,0,21,0,0,0,0,0,0,6,0,0,0,0,3,83,0,0,5,0,96
POA4728,28,0,0,3,0,32,12,0,0,0,0,11,0,0,0,0,0,0,0,0,0,0,0,4,8,0,0,0,0,8,0,0,0,0,0,0,4,0,0,0,0,4,5,0,0,0,0,5,25,0,0,0,0,21,8,0,0,0,0,8,3,0,0,0,0,3,74,0,0,3,0,75
POA4730,328,0,0,21,0,352,296,0,0,5,3,301,136,9,18,0,0,160,51,14,11,0,0,70,108,5,8,0,3,126,14,7,3,0,0,21,76,7,11,4,3,102,22,0,0,4,0,25,392,41,51,11,9,502,11,0,5,0,0,17,36,0,4,3,0,44,1068,41,56,39,11,1212
POA4731,38,0,0,3,0,44,10,0,0,0,0,8,0,0,0,0,0,0,11,0,0,0,0,11,0,0,0,0,0,0,0,0,0,0,0,0,9,0,0,0,0,9,0,0,0,0,0,0,24,0,0,0,0,24,0,0,0,0,0,3,4,0,0,0,0,3,76,0,0,10,0,80
POA4732,20,0,0,0,0,17,16,0,0,0,0,16,0,0,0,0,0,0,0,0,0,0,0,0,4,0,0,0,0,4,0,0,0,0,0,0,3,0,0,0,0,3,0,0,0,0,0,0,8,0,0,0,0,8,0,0,0,0,0,0,7,0,0,0,0,8,50,0,0,0,0,54
POA4733,26,0,0,8,0,31,8,0,0,0,0,15,0,0,0,0,0,0,0,0,0,0,0,0,3,0,0,0,0,3,0,0,0,0,0,0,6,0,0,0,0,9,4,0,0,0,0,3,12,0,0,3,0,15,3,0,0,0,0,3,3,0,0,0,0,3,57,0,0,10,0,70
POA4735,144,0,0,20,0,164,78,0,0,3,0,78,3,0,0,0,0,3,18,0,17,0,0,36,49,0,0,0,0,50,3,0,0,0,0,10,24,3,3,3,0,31,10,0,0,0,0,9,102,4,22,3,3,137,7,0,0,0,0,5,15,0,0,4,0,19,345,4,22,29,7,409
POA4736,10,0,0,3,0,11,4,0,0,0,0,7,0,0,0,0,0,0,4,0,0,0,0,6,3,0,0,0,0,3,0,0,0,0,0,0,13,0,7,0,0,20,0,0,0,0,0,0,20,0,7,0,0,27,4,0,0,0,0,4,0,0,0,0,0,0,41,0,7,3,0,49
POA4737,870,3,17,10,4,903,994,5,4,7,3,1013,302,29,51,0,0,379,42,0,12,0,0,52,203,4,18,0,0,224,14,0,0,0,0,16,39,0,10,3,0,48,20,0,0,0,0,19,616,31,84,5,0,733,13,0,0,0,0,13,80,4,29,27,0,133,2576,49,126,42,5,2795
POA4738,159,0,0,12,0,172,149,0,0,0,0,146,15,0,0,0,0,15,0,0,0,0,0,0,29,0,0,0,0,32,0,0,0,0,0,0,14,0,0,0,0,12,15,0,0,0,0,13,66,0,0,4,0,72,4,0,0,0,0,4,13,0,0,0,0,10,389,0,0,20,0,405
POA4739,63,0,0,3,0,64,32,0,0,0,0,32,3,0,0,0,0,3,0,0,0,0,0,0,24,0,0,0,0,24,0,0,0,0,0,0,12,0,0,0,0,12,0,0,0,0,0,0,38,0,0,0,0,37,3,0,0,0,0,3,0,0,0,3,0,3,136,0,0,7,0,147
POA4740,6867,363,235,152,30,7641,9460,351,141,27,16,9989,3823,1426,676,7,23,5956,522,405,209,0,5,1145,1677,319,132,22,13,2155,68,95,34,0,0,198,187,90,19,49,11,358,99,35,7,3,3,148,6376,2367,1082,80,52,9956,257,22,65,9,6,362,543,123,77,63,50,859,23506,3221,1599,327,153,28809
POA4741,916,0,3,30,10,964,873,5,4,16,9,906,75,0,3,0,4,85,0,0,0,0,0,0,182,3,0,7,0,194,0,0,0,0,0,0,84,0,0,3,0,83,23,0,0,0,0,23,368,4,7,9,4,393,25,0,0,0,0,25,78,4,0,17,4,103,2260,16,8,71,28,2382
POA4742,71,0,0,12,0,85,65,0,0,0,0,65,56,0,7,0,0,62,0,0,0,0,0,0,21,0,0,0,0,23,0,0,0,0,0,0,35,0,0,0,0,37,10,0,0,0,0,12,118,0,5,0,0,131,4,0,0,0,0,9,16,0,3,0,3,14,273,0,8,16,3,301
POA4743,4,0,0,0,0,4,4,0,0,0,0,8,0,0,0,0,0,0,0,0,0,0,0,0,7,0,0,0,0,7,3,0,0,0,0,4,117,7,12,0,0,139,3,0,0,0,0,3,134,4,16,0,0,157,0,0,0,0,0,0,4,0,0,0,0,3,150,4,16,0,3,175
POA4744,201,0,3,7,0,220,306,6,0,4,0,320,592,71,68,0,0,728,35,14,12,0,0,65,81,4,6,0,0,92,0,0,0,0,0,3,811,173,69,10,0,1061,25,0,5,6,0,37,1544,265,161,15,0,1984,4,0,0,0,0,7,46,8,8,3,3,64,2106,280,172,31,4,2590
POA4745,127,0,0,0,0,133,97,0,0,0,0,97,182,0,15,0,0,195,9,0,10,0,0,17,52,0,0,0,0,53,3,0,0,0,0,3,245,18,14,0,0,280,5,0,0,0,0,7,494,22,37,0,0,562,6,0,0,0,0,6,14,0,3,0,0,18,739,22,43,4,5,812
POA4746,22,0,0,0,0,22,4,0,0,0,0,7,57,17,0,0,3,83,4,4,5,0,0,8,14,0,0,0,0,19,5,0,0,0,0,5,339,21,0,0,3,357,5,0,0,0,0,9,421,39,3,0,9,480,3,0,0,0,3,3,10,0,0,0,0,7,461,39,7,3,15,519
POA4750,368,8,3,12,4,398,801,12,3,3,9,824,404,35,28,0,18,486,28,15,0,0,0,38,95,8,6,0,4,113,6,0,0,0,0,8,7,0,3,0,0,10,3,0,0,0,0,4,533,64,42,0,20,662,4,0,0,3,0,7,27,3,3,0,0,38,1737,93,49,20,33,1930
POA4751,461,3,0,0,0,465,667,3,0,0,0,675,166,12,20,0,0,209,12,0,3,0,0,13,92,3,6,0,0,107,0,0,0,0,0,0,8,0,0,0,0,4,12,0,0,0,0,12,286,17,34,3,4,347,6,0,0,0,0,6,39,0,8,0,0,47,1462,25,35,4,4,1534
POA4753,282,0,0,0,0,286,717,3,0,0,0,727,176,0,3,0,0,176,3,0,10,0,0,9,80,0,0,0,0,80,0,0,0,0,0,0,8,0,0,0,0,8,13,0,0,0,0,13,276,0,8,0,0,288,3,0,0,0,0,3,20,0,0,0,0,24,1306,3,12,0,0,1319
POA4754,195,0,0,4,0,200,279,0,0,0,3,278,78,0,0,0,0,77,8,0,9,0,0,17,70,0,0,0,0,74,0,0,3,0,0,3,20,3,0,0,0,21,9,0,0,0,0,9,183,8,17,3,0,209,7,0,0,0,0,7,23,0,0,11,3,37,686,8,17,15,10,733
POA4756,101,0,0,4,0,107,73,0,0,4,0,75,4,0,0,0,0,4,0,0,0,0,0,0,28,0,0,0,0,28,3,0,0,0,0,3,8,0,0,0,0,8,4,0,0,0,0,4,50,0,0,0,0,50,0,0,0,0,0,0,6,0,0,0,0,6,229,0,0,5,0,243
POA4757,58,0,0,0,3,65,37,0,0,0,0,37,0,0,0,0,0,0,0,0,0,0,0,0,17,0,0,0,0,17,0,0,0,0,0,0,0,0,0,0,0,0,3,0,0,0,0,3,19,0,0,0,0,19,3,0,0,0,0,3,3,0,0,0,0,3,117,0,0,0,4,122
POA4798,115,0,0,4,0,123,57,0,0,0,0,56,0,0,0,0,0,0,0,0,0,0,0,0,31,0,0,0,0,31,0,0,0,0,0,0,8,0,0,0,0,8,8,0,0,0,0,8,56,0,0,0,0,56,5,0,0,0,0,5,6,0,0,0,0,6,240,3,0,9,0,252
POA4799,144,0,3,14,0,163,121,5,0,18,0,137,20,0,3,0,0,23,0,0,0,0,0,0,20,0,3,3,0,25,0,0,0,0,0,0,0,0,0,6,0,14,12,0,0,0,0,12,57,0,3,9,0,71,0,0,0,0,0,0,3,0,0,6,0,13,325,7,4,49,0,389
POA4800,1042,8,11,17,10,1087,1168,13,14,8,7,1211,300,44,59,0,0,406,26,10,22,0,0,63,220,8,7,6,0,235,6,23,5,0,0,39,47,0,5,0,0,54,28,3,0,0,0,30,637,94,99,3,0,832,12,0,5,0,0,16,110,12,10,8,25,162,2970,114,135,41,48,3303
POA4801,0,0,0,0,0,0,0,0,0,0,0,0,0,0,0,0,0,0,0,0,0,0,0,0,0,0,0,0,0,0,0,0,0,0,0,0,0,0,0,0,0,0,0,0,0,0,0,0,0,0,0,0,0,0,0,0,0,0,0,0,0,0,0,0,0,0,0,0,0,0,0,0
POA4802,414,40,52,58,24,590,883,81,87,9,13,1070,462,287,290,0,22,1058,16,23,23,0,0,67,168,68,63,3,7,314,3,3,8,0,0,10,24,16,8,11,6,59,10,3,5,0,0,15,683,404,388,13,32,1525,5,0,3,0,3,11,56,12,18,9,11,107,2036,538,549,94,88,3300
POA4803,6,0,0,0,0,10,4,0,3,0,3,11,0,3,8,0,3,11,0,0,0,0,0,0,3,0,6,0,3,11,0,0,0,0,0,0,5,0,43,0,10,63,0,0,0,0,0,0,10,3,60,0,19,92,0,0,0,0,0,0,7,0,30,0,0,42,21,3,100,6,21,149
POA4804,279,0,0,7,5,289,154,0,0,0,3,152,63,0,0,0,0,64,13,3,0,0,0,19,40,3,0,0,0,46,0,0,0,0,0,0,35,4,0,0,0,40,6,0,0,0,0,8,156,11,3,0,3,178,3,0,0,0,0,3,23,3,0,0,0,24,619,12,3,7,11,646
POA4805,1127,23,13,84,6,1255,922,9,5,8,3,946,620,84,106,0,3,813,93,37,24,0,0,154,229,31,29,0,3,287,35,34,12,0,0,88,69,11,3,20,0,103,35,3,3,3,3,44,1084,196,181,23,11,1492,28,3,0,4,0,31,103,21,9,13,7,159,3261,250,216,129,29,3884
POA4806,621,0,3,31,0,655,371,0,0,3,0,372,131,8,30,0,0,171,14,3,0,0,0,18,113,0,3,0,0,125,3,0,0,0,0,3,21,0,0,0,0,28,26,0,3,0,0,30,315,14,36,5,0,370,14,0,0,0,0,14,37,0,0,8,0,46,1358,14,41,43,6,1459
POA4807,1526,3,70,51,3,1654,1119,3,21,4,0,1147,440,18,249,5,0,712,75,0,34,0,0,108,210,0,29,4,3,247,16,0,26,0,0,48,69,0,9,3,0,81,39,3,8,0,0,55,852,29,362,10,3,1252,29,0,3,0,0,34,95,0,16,8,29,145,3617,33,472,77,39,4236
POA4808,176,0,0,0,0,177,124,0,0,3,0,130,41,0,3,0,0,46,5,0,0,0,0,5,26,0,0,0,0,26,0,0,0,0,0,3,36,0,0,0,0,36,0,0,0,0,0,0,105,0,7,0,0,115,3,0,0,0,0,3,6,0,0,0,0,9,420,0,7,4,0,428
POA4809,135,0,0,13,0,147,124,0,0,4,0,130,18,0,0,0,0,18,3,0,0,0,0,3,32,0,0,0,0,35,0,0,0,0,0,0,30,0,0,0,0,30,9,0,0,0,0,9,89,0,0,0,0,97,8,0,0,0,0,8,12,0,0,0,0,12,368,0,0,12,3,388
POA4810,1377,178,365,71,6,2003,1553,191,373,10,9,2132,621,895,1569,0,17,3098,28,196,94,0,0,314,342,192,298,6,9,845,20,8,42,0,0,68,23,20,61,9,4,116,16,16,16,0,0,48,1054,1320,2078,16,33,4499,63,10,9,4,0,87,103,48,107,3,5,272,4155,1744,2935,110,58,8987
POA4811,1013,7,10,30,6,1072,1572,22,20,3,4,1623,562,157,212,0,0,929,124,21,21,0,0,165,235,20,38,4,0,303,5,0,24,0,0,29,94,28,14,13,0,152,17,3,10,0,0,27,1034,232,322,20,5,1610,15,0,0,0,0,18,76,8,12,3,0,101,3717,269,368,59,15,4419
POA4812,1497,234,40,21,3,1801,1927,210,85,0,4,2234,652,1077,287,3,0,2018,117,149,226,0,0,494,387,246,63,3,4,711,6,19,19,0,0,43,41,21,22,4,3,91,19,17,3,0,0,41,1224,1535,623,15,10,3404,14,60,0,0,4,79,97,66,27,4,3,198,4763,2106,781,44,26,7713
POA4814,3460,195,56,4,0,3713,4956,91,20,3,3,5074,2672,514,253,3,5,3445,516,288,28,4,0,833,954,117,47,0,3,1118,24,25,6,0,0,59,363,18,10,4,0,399,51,12,5,0,0,70,4584,973,345,13,16,5928,44,65,0,0,0,113,249,62,18,5,5,337,13294,1381,433,27,21,15158
POA4815,1381,9,3,0,0,1400,2718,9,6,3,0,2734,1135,144,69,0,3,1355,377,20,14,0,0,404,467,20,5,0,0,494,17,9,0,0,0,29,164,9,0,0,0,172,30,3,0,0,0,29,2188,200,91,0,3,2485,178,0,0,0,5,176,166,33,3,0,5,209,6624,259,99,3,12,7001
POA4816,995,36,0,97,18,1147,864,14,0,15,16,908,135,0,0,0,0,138,377,16,22,0,3,422,154,6,3,10,5,178,20,0,4,0,0,25,61,11,13,10,7,102,33,3,0,3,0,47,790,41,39,20,13,908,29,3,0,3,0,40,78,5,0,12,5,97,2768,100,42,145,52,3097
POA4817,2137,118,19,37,4,2309,3988,73,6,10,8,4080,1688,350,33,0,4,2074,223,78,17,0,0,313,513,71,4,5,0,592,11,14,0,0,0,29,466,9,0,0,0,476,25,4,0,0,0,26,2918,517,51,7,6,3504,24,17,12,0,0,46,179,31,3,0,4,218,9251,758,87,49,22,10164
POA4818,1418,4,0,129,8,1562,4198,26,0,9,11,4247,2174,151,14,3,10,2349,102,10,0,0,0,108,389,11,0,5,4,405,8,5,0,0,0,12,299,10,0,15,0,327,29,0,0,0,0,29,2993,188,13,24,18,3234,26,0,0,3,0,29,183,8,0,4,13,207,8818,227,15,168,42,9274
POA4819,315,7,27,10,8,357,220,4,9,3,3,243,144,19,65,0,0,232,0,0,0,0,0,0,89,4,14,0,0,109,0,0,0,0,0,0,5,0,4,0,0,13,13,0,0,0,0,15,245,21,89,3,7,369,6,0,0,0,0,9,20,3,4,0,24,55,812,34,131,14,37,1024
POA4820,1260,0,11,38,0,1308,1084,0,3,3,0,1098,459,5,45,3,0,509,65,0,39,0,0,103,274,0,10,4,0,289,18,0,17,0,0,41,132,0,16,7,0,152,44,0,0,0,0,47,992,10,121,18,3,1147,39,0,0,3,0,42,117,3,10,0,0,142,3498,10,144,69,8,3732
POA4821,127,65,0,0,5,198,70,34,0,0,3,103,12,8,0,0,0,19,19,5,0,0,3,23,38,14,0,0,3,54,4,0,0,0,0,4,32,21,3,0,3,58,7,5,0,0,0,7,111,40,8,0,7,169,3,4,0,0,0,4,19,9,0,0,0,30,328,150,4,0,16,504
POA4822,90,0,0,3,5,99,70,0,0,0,3,67,20,0,0,0,0,20,8,10,0,0,0,17,13,0,0,3,0,16,0,0,0,0,0,0,44,0,0,0,0,44,4,0,0,0,3,9,97,10,0,3,0,110,9,0,0,0,0,9,9,0,0,0,0,10,271,10,0,4,10,295
POA4823,105,0,0,4,6,119,44,0,0,3,0,48,0,0,0,0,0,0,9,3,0,0,0,12,35,0,0,0,0,38,0,0,0,0,0,0,40,3,0,0,0,47,13,0,0,0,0,16,94,10,0,0,9,110,7,0,0,0,0,6,9,0,0,0,3,12,252,10,3,9,15,288
POA4824,167,0,4,37,16,221,134,0,0,3,9,148,100,3,14,0,0,116,34,3,26,0,0,65,58,0,3,0,0,58,10,0,5,0,0,11,122,3,20,7,0,156,20,0,0,3,0,25,337,14,72,13,4,439,13,0,0,3,0,15,25,0,11,6,0,43,674,14,85,62,25,858
POA4825,896,34,3,27,14,979,1919,51,16,20,12,2018,653,390,140,3,7,1189,398,119,54,0,3,577,380,125,55,3,6,566,47,5,0,0,3,54,297,133,46,10,6,496,35,17,11,0,6,60,1802,791,303,19,28,2943,31,3,3,3,3,43,136,25,20,9,17,212,4778,913,352,75,73,6192
POA4828,7,0,0,11,3,20,4,0,0,0,0,4,0,0,0,0,0,0,12,3,0,0,0,12,0,0,0,0,0,3,0,0,0,0,0,0,5,0,0,0,0,9,4,0,0,0,0,4,23,3,0,0,4,26,0,0,0,0,0,0,8,0,0,6,0,14,42,3,0,14,5,64
POA4829,35,0,0,0,3,37,11,0,0,0,0,13,0,0,0,0,0,0,20,5,0,0,0,27,4,0,0,0,0,4,0,0,0,0,0,3,42,0,3,0,4,50,3,0,0,0,0,3,80,5,0,0,3,91,3,0,0,3,0,3,11,0,0,0,0,20,139,5,0,5,6,159
POA4830,8,0,0,9,0,17,0,0,0,0,0,0,0,0,0,0,0,0,202,5,35,0,0,240,3,0,0,0,0,7,16,0,0,0,0,19,22,3,0,0,0,22,3,0,0,0,0,3,243,12,35,6,3,294,3,0,0,0,0,8,12,18,0,0,3,33,265,28,42,18,3,356
POA4849,200,8,8,21,0,234,82,3,6,0,0,96,70,9,41,0,0,126,9,4,3,0,0,10,37,4,9,6,0,58,4,0,4,0,0,13,11,0,4,6,0,18,6,0,0,0,0,6,131,19,66,18,0,223,0,0,0,0,0,0,15,0,9,6,0,31,428,28,84,46,3,584
POA4850,1993,3,15,63,4,2078,951,0,4,3,6,973,304,7,103,0,0,418,61,14,25,0,0,99,306,10,29,3,3,344,17,7,16,0,0,43,62,3,3,4,0,77,61,3,4,0,0,69,812,36,178,7,3,1044,34,0,3,0,0,41,137,0,13,3,3,154,3923,47,215,82,23,4284
POA4852,436,3,16,29,0,485,359,6,13,4,5,392,200,33,88,0,0,324,0,0,0,0,0,0,81,4,26,0,0,113,0,0,0,0,0,0,14,0,6,0,0,20,6,0,0,0,0,8,303,41,111,3,5,471,3,0,0,0,0,3,40,3,8,0,3,50,1143,60,145,38,12,1401
POA4854,699,0,4,18,9,731,554,4,0,5,3,569,137,11,49,0,0,199,28,7,7,0,0,45,178,4,13,7,4,205,36,0,0,0,0,32,71,0,10,13,0,91,17,0,0,0,0,20,459,28,81,18,4,589,11,0,0,0,0,17,47,3,3,3,0,56,1767,30,87,55,13,1955
POA4855,134,0,0,3,3,145,75,0,0,0,0,79,16,0,0,0,0,16,0,0,0,0,0,0,27,0,0,0,3,31,0,0,0,0,0,0,4,0,0,0,0,4,7,0,0,0,0,7,56,0,0,0,3,54,3,0,0,0,0,3,11,0,0,4,0,13,280,0,0,12,7,291
POA4856,124,0,0,6,0,126,74,0,0,0,0,72,24,0,0,0,0,20,0,0,0,0,0,0,23,0,0,0,0,20,0,0,0,0,0,0,3,0,0,0,0,3,0,0,0,0,0,3,47,0,0,0,0,53,0,0,0,0,0,0,13,0,0,0,0,13,259,0,0,8,0,267
POA4858,224,0,0,10,0,236,170,0,0,4,0,172,40,4,0,0,0,43,3,0,0,0,0,3,42,7,3,0,0,47,0,0,0,0,0,0,10,0,0,0,0,10,4,0,0,0,0,4,97,6,5,0,0,116,3,0,0,0,0,3,16,0,0,3,0,19,509,6,8,23,3,542
POA4859,77,0,0,0,0,77,61,0,0,0,0,61,13,0,4,0,0,14,3,0,0,0,0,3,19,0,0,0,0,19,0,0,0,0,0,0,5,0,0,0,0,5,0,0,0,0,0,0,43,0,4,0,0,46,0,0,0,0,0,0,7,0,0,0,0,7,186,0,4,0,0,192
POA4860,1405,3,28,21,6,1452,891,0,10,9,13,919,416,49,189,49,3,718,109,10,75,8,4,201,326,20,49,22,3,422,32,0,10,0,0,40,71,3,14,25,8,120,34,3,4,8,0,39,986,89,335,110,19,1540,33,0,0,0,0,42,96,7,20,12,4,130,3409,100,389,148,37,4087
POA4861,235,0,0,6,0,242,133,0,0,0,0,137,50,0,10,0,0,64,13,3,11,0,0,26,57,0,3,3,0,68,0,0,0,0,0,0,6,0,0,0,0,12,12,0,0,0,0,13,150,7,24,4,0,188,5,0,0,0,0,3,12,3,0,0,3,23,538,13,22,12,5,594
POA4865,759,3,9,8,0,787,1137,7,4,3,3,1157,281,25,26,0,0,327,53,34,10,0,0,96,198,16,4,0,0,219,8,6,0,0,0,15,32,3,3,0,0,38,16,0,0,0,0,19,581,82,43,0,0,703,18,0,0,0,0,18,54,4,0,3,3,66,2555,87,60,12,9,2727
POA4868,1774,73,72,41,0,1968,2548,90,91,7,0,2733,1031,275,348,0,3,1649,164,13,48,0,3,232,401,95,73,6,0,573,27,0,7,0,0,38,51,20,47,28,0,148,24,5,3,0,0,32,1691,412,518,36,13,2673,21,36,5,0,0,63,147,28,51,4,0,229,6176,638,736,92,12,7660
POA4869,1065,5,35,23,3,1134,2416,11,26,4,5,2462,1213,48,123,8,8,1398,227,6,52,0,0,284,330,9,43,3,0,393,13,0,4,0,0,16,91,0,8,12,0,112,22,0,8,0,0,24,1893,67,228,27,6,2227,17,0,0,0,0,20,129,3,14,3,0,149,5524,90,316,55,20,5994
POA4870,4419,351,796,95,29,5692,6258,383,917,9,18,7582,2076,1181,3498,18,36,6804,546,346,496,0,0,1393,1088,430,716,22,18,2276,36,71,46,0,0,160,172,65,91,41,16,391,54,27,45,4,3,130,3973,2115,4897,88,75,11156,87,132,22,7,8,258,408,123,273,38,98,947,15142,3106,6905,245,234,25627
POA4871,1259,4,0,131,17,1418,756,0,0,8,10,779,147,3,3,3,0,163,290,38,39,0,0,367,287,3,3,11,0,312,30,3,0,0,0,35,102,5,0,20,0,131,56,0,0,7,0,65,920,58,45,34,4,1067,39,3,0,5,0,44,107,0,5,67,13,190,3075,66,54,249,48,3497
POA4872,601,4,3,60,3,671,322,0,0,5,5,333,60,0,6,0,0,73,9,0,0,0,0,9,139,0,4,3,0,149,8,0,0,0,0,8,51,0,0,20,3,80,31,0,0,3,0,36,301,0,15,30,3,358,13,0,0,4,0,20,55,0,0,8,0,65,1296,6,21,111,16,1450
POA4873,742,13,4,46,19,823,696,6,7,7,15,726,198,25,75,0,5,298,46,18,15,0,0,78,205,11,12,7,7,238,19,6,16,0,0,36,33,0,3,5,5,47,28,0,7,0,4,40,525,57,121,11,25,746,17,0,0,0,3,16,55,6,10,6,5,83,2038,82,147,70,63,2398
POA4874,70,14,3,18,0,112,277,53,5,6,0,338,139,118,15,3,0,273,259,44,0,0,0,309,31,7,0,3,0,43,13,7,0,0,0,14,180,138,26,4,3,341,10,4,0,6,0,13,626,317,41,12,0,991,8,0,0,3,0,9,19,8,0,11,0,42,997,397,47,52,0,1492
POA4875,98,3,0,0,0,103,32,3,0,0,0,33,8,0,0,0,0,8,940,57,50,0,0,1041,53,0,8,0,0,56,93,7,4,0,0,115,219,38,33,3,0,284,37,0,4,3,0,49,1343,103,94,5,0,1550,19,0,0,0,0,24,154,11,10,5,0,178,1649,120,107,17,0,1882
POA4876,5,0,0,15,0,18,0,0,0,0,0,7,0,0,0,0,0,0,441,32,15,4,0,491,8,0,0,8,0,11,35,3,0,0,0,39,50,10,8,10,0,68,7,0,0,0,0,8,539,50,18,19,0,623,0,0,0,0,0,0,21,3,3,12,4,39,566,47,21,46,4,688
POA4877,320,63,47,44,0,482,352,78,53,0,0,484,135,183,159,3,7,485,20,9,18,0,0,46,65,31,37,0,3,141,6,0,0,0,0,5,7,7,9,12,0,37,12,9,5,3,0,19,248,241,228,16,6,736,3,0,0,3,0,4,31,11,14,8,0,61,956,396,334,70,10,1772
POA4878,1041,98,58,40,4,1239,1622,149,39,7,11,1826,590,379,249,0,0,1220,54,20,16,0,3,90,283,138,98,3,9,526,5,3,3,0,0,13,25,8,16,6,0,54,15,8,10,0,0,27,972,552,393,11,12,1936,15,3,3,0,0,18,81,29,25,4,6,142,3726,825,530,53,27,5159
POA4879,1521,101,119,28,26,1802,2334,102,118,0,10,2560,1136,268,575,0,30,2014,33,28,21,0,0,80,281,52,128,4,14,486,0,3,4,0,0,4,19,3,13,0,5,35,21,6,8,0,3,42,1489,357,752,3,52,2655,22,3,0,0,3,29,102,9,34,3,9,157,5467,575,1025,36,101,7204
POA4880,1591,9,24,48,7,1685,1109,0,0,10,5,1124,405,39,86,3,5,536,154,30,53,0,0,232,395,12,23,4,0,430,18,0,11,0,0,31,86,3,3,33,0,121,54,0,0,6,0,61,1110,85,179,42,10,1417,21,0,0,4,0,24,125,4,9,10,7,156,3954,98,220,117,22,4402
POA4881,570,0,3,11,7,586,604,0,0,0,3,606,86,3,11,0,0,100,45,4,0,0,0,51,119,0,7,4,5,136,26,0,0,0,0,26,10,0,0,16,0,28,23,0,0,0,0,23,312,11,19,20,7,365,13,0,0,0,0,18,47,0,0,0,3,54,1547,11,24,34,13,1630
POA4882,449,0,0,24,0,473,318,0,0,3,0,321,63,3,0,0,0,66,5,0,0,0,0,5,81,0,0,3,0,79,3,0,0,0,0,3,8,0,0,10,0,20,7,0,0,0,0,9,161,3,0,15,0,180,6,0,0,0,0,6,24,0,0,3,0,32,962,3,0,39,3,1014
POA4883,1101,33,50,13,0,1192,714,3,17,5,3,744,389,48,111,0,4,552,53,29,64,0,0,146,290,33,60,3,0,388,30,10,12,0,0,51,31,5,3,11,0,54,20,0,9,4,0,29,816,134,260,18,6,1233,23,7,0,0,0,25,73,5,18,3,0,103,2725,174,343,39,13,3293
POA4884,329,4,3,4,0,343,195,0,0,0,0,196,56,0,3,0,3,64,10,0,0,0,0,11,69,0,5,0,0,77,0,0,0,0,0,0,3,0,0,0,0,3,9,0,0,0,0,7,146,0,15,0,3,169,6,0,0,0,0,6,14,0,0,0,0,13,694,3,13,11,3,728
POA4885,637,0,0,8,0,650,428,0,0,0,3,432,85,9,0,0,0,90,15,18,0,0,0,35,101,16,0,0,0,118,3,5,0,0,0,9,25,0,0,0,0,31,13,3,0,0,0,20,247,53,0,0,0,305,15,0,0,0,0,17,32,3,0,0,0,36,1362,58,0,7,3,1436
POA4886,169,0,0,7,0,170,87,0,0,0,0,86,18,0,0,0,0,23,0,0,0,0,0,0,38,0,0,0,0,38,0,0,0,0,0,0,11,0,0,0,0,11,7,0,0,0,0,7,70,0,0,0,0,68,3,0,0,0,0,3,11,0,0,0,0,11,330,0,4,7,0,340
POA4887,342,0,0,5,3,358,202,0,0,7,0,203,47,0,0,0,0,51,10,0,3,0,0,13,63,3,0,0,0,68,0,0,0,0,0,3,7,0,0,0,0,15,13,0,0,0,0,17,148,6,6,0,3,160,9,0,0,0,0,14,19,0,0,3,0,25,721,6,10,18,7,765
POA4888,450,0,3,14,0,462,278,0,0,6,0,288,90,3,6,0,0,100,12,0,4,0,0,12,106,0,8,0,0,119,3,0,0,0,0,4,17,3,3,3,0,27,12,0,0,3,0,22,240,3,20,10,0,276,7,0,0,0,0,6,32,0,0,5,0,40,1008,5,26,33,6,1072
POA4890,50,0,0,13,0,65,39,0,0,0,0,40,3,0,0,0,0,3,89,0,3,0,0,93,33,0,0,0,0,34,39,0,0,0,0,41,57,0,3,3,0,68,9,0,0,0,0,9,229,0,8,3,4,243,6,0,0,0,0,6,22,0,0,7,0,27,342,0,8,24,10,379
POA4891,56,0,0,36,9,109,28,0,0,4,0,27,0,0,0,0,0,0,7,0,5,0,0,13,30,0,7,3,0,34,0,0,0,0,0,0,8,0,6,8,0,21,6,0,0,0,0,6,54,0,15,7,3,82,0,0,0,0,0,3,8,0,0,6,0,12,145,0,15,59,18,237
POA4892,42,0,0,23,0,64,13,0,0,3,0,20,0,0,0,0,0,0,745,35,37,0,0,818,9,0,0,3,0,16,129,25,3,0,0,166,103,30,26,7,0,169,19,3,0,0,0,20,1011,94,69,16,0,1188,15,0,0,0,0,18,38,3,0,9,0,47,1111,103,64,50,0,1336
POA4895,345,0,0,44,9,397,236,0,0,11,4,260,77,3,20,3,0,109,242,6,28,0,0,281,116,0,6,4,3,128,45,3,13,0,0,59,68,4,17,3,3,95,24,3,0,3,0,31,573,19,91,14,10,709,15,0,0,3,0,18,48,0,5,12,0,61,1222,18,101,82,28,1450
